"Year","Country","Cost of Living Index","Rent Index","Cost of Living Plus Rent Index","Groceries Index","Restaurant Price Index","Local Purchasing Power Index","Crime Index","Safety Index","Health Care Index","Health CareExp. Index","Pollution Index","Exp Pollution Index","Price To Income Ratio","Gross Rental Yield City Centre","Gross Rental Yield Outside of Centre","Price To Rent Ratio City Centre","Price To Rent Ratio Outside Of City Centre","Mortgage As A Percentage Of Income","Affordability Index","Traffic Index","Time Index(in minutes)","Time Exp. Index","Inefficiency Index","CO2 Emission Index","Continent"
2017,"Bermuda",146.19,104.76,126.34,139.55,151.39,91.65,NA,NA,NA,NA,NA,NA,NA,NA,NA,NA,NA,NA,NA,NA,NA,NA,NA,NA,"North America"
2017,"Switzerland",122.06,56.57,90.68,122.72,119.85,95.35,22.45,77.55,71.04,133.06,20.77,33.18,14.04,3.01,3.15,33.24,31.78,81.89,1.22,84.87,28.3,54.05,104.13,1521.57,"Europe"
2017,"Iceland",111.71,46.53,80.47,103.88,119.74,77.62,27.49,72.51,65.64,119.12,10.02,20.25,6.15,8.07,8.37,12.39,11.95,57.7,1.73,NA,NA,NA,NA,NA,"Europe"
2017,"Norway",106.31,39.88,74.47,98.31,117.13,105.58,45.69,54.31,74.19,135.78,19.45,31.64,7.9,4.18,4.51,23.94,22.16,50.95,1.96,110.98,31.32,181.27,143.06,2941.93,"Europe"
2017,"Bahamas",104.05,40.59,73.63,103.52,89.95,34.76,63.21,36.79,NA,NA,58.04,99.65,NA,NA,NA,NA,NA,NA,NA,NA,NA,NA,NA,NA,"North America"
2017,"Us Virgin Islands",85.86,37.23,62.56,75.41,81.12,95.82,NA,NA,NA,NA,NA,NA,NA,NA,NA,NA,NA,NA,NA,NA,NA,NA,NA,NA,"North America"
2017,"Japan",85.28,27.56,57.62,89.92,47.83,102.52,20.89,79.11,78.63,143.27,41.01,66.83,12.68,2.21,2.75,45.15,36.32,72.76,1.37,164.04,46.81,4399.1,167.95,1440.15,"Asia"
2017,"Italy",83.7,21.49,53.89,73.94,76.24,71.83,44.66,55.34,66.31,120.46,51.57,86.42,12.39,2.69,3.56,37.18,28.06,82.64,1.21,141.97,36.38,778.78,160.26,4228.66,"Europe"
2017,"Denmark",83.02,35.02,60.01,63.84,101.01,98.76,21.13,78.87,75.45,139.21,25.97,40.05,8.2,4.71,4.82,21.21,20.76,52.39,1.91,83.64,28.42,56.68,101.97,1413.53,"Europe"
2017,"Singapore",82.41,70.22,76.57,71.68,58.33,92.7,16.58,83.42,69.87,129.4,37.04,64.14,21.63,2.75,3.65,36.41,27.39,134.33,0.74,159.72,43.39,2782.9,169.9,2554.54,"Asia"
2017,"New Zealand",80.77,33.8,58.26,73.13,77.46,89.87,38.78,61.22,70.58,127.9,20.03,33.77,8.14,4.99,5.92,20.04,16.9,63.92,1.56,115.62,30.23,119.98,141.62,3910.41,"Oceania"
2017,"Australia",80.66,42.54,62.39,76.87,77.12,101.94,42.42,57.58,74.25,135.08,24.58,39.54,9.24,4.9,5.05,20.41,19.82,70.87,1.41,145.16,34.73,519.74,167.55,5579.23,"Oceania"
2017,"Hong Kong",79.96,84.08,81.93,81.88,54.87,81.45,20.68,79.32,67.99,124.21,69.9,125.84,36.15,2.25,2.23,44.35,44.81,224.85,0.44,146.09,42.22,2332.31,168.88,1813.17,"Asia"
2017,"Israel",77.74,28.44,54.11,65.39,81.35,94.47,29.01,70.99,74.78,136.91,61.71,110.46,10.87,3.45,3.54,28.98,28.27,71.94,1.39,147.44,36.52,803.96,152.28,4932.17,"Asia"
2017,"Luxembourg",77.28,49.95,64.18,65.94,87.3,97.4,29.04,70.96,NA,NA,29.23,45.36,13.93,3.94,3.7,25.37,27.01,84.38,1.19,NA,NA,NA,NA,NA,"Europe"
2017,"Ireland",76.98,40.64,59.56,62.21,81.38,103.52,45.77,54.23,53.33,96.26,27.18,47.33,7.02,6.02,6.91,16.61,14.48,50.79,1.97,129.79,35.01,558.6,152.85,3455.95,"Europe"
2017,"Sweden",75.88,26.86,52.39,67.94,78.27,107.23,46.65,53.35,70.64,129.58,17.87,28.76,11.77,2.52,3.22,39.66,31.08,71.27,1.4,102.03,31.6,200.55,102.1,2131.23,"Europe"
2017,"United States",75.42,40.3,58.59,75.57,70.02,123.17,48.76,51.24,68.22,125.94,31.19,54.44,3.26,11.23,12.24,8.9,8.17,23.53,4.25,156.01,34.58,499.64,199.51,7216.77,"North America"
2017,"South Korea",75.41,22.02,49.82,88.52,44.62,102.38,25.27,74.73,83.2,152.14,52.73,94.83,12.38,2.04,2.51,49.1,39.9,85.47,1.17,105.46,34.18,448.73,98.08,1615.62,"Asia"
2017,"Belgium",75.36,29.64,53.44,65.77,82.34,91.02,44.51,55.49,78.92,144.43,48.92,82.66,6.96,5.82,5.92,17.18,16.88,44.69,2.24,139.61,36.26,758.63,175.18,3914.33,"Europe"
2017,"Kuwait",75.24,37.82,57.31,81.39,45.79,69.68,33.48,66.52,57.6,105.95,67.3,120.25,11.82,5.28,5.16,18.96,19.37,94.86,1.05,NA,NA,NA,NA,NA,"Asia"
2017,"France",74.89,24.83,50.9,69.54,72.89,87.29,43.66,56.34,78.62,144,40.15,68.66,11.58,3,3.67,33.29,27.22,73.86,1.35,129.97,35.81,681.37,128.9,3216.04,"Europe"
2017,"Finland",73.06,26.95,50.96,61.47,76.43,114.97,24.63,75.37,74.85,136.08,13.38,25.98,7.6,3.74,4.6,26.72,21.76,44.51,2.25,111.43,34.92,545.9,109.63,1821.53,"Europe"
2017,"Netherlands",72.47,32.45,53.29,55.95,82.27,86.52,29.89,70.11,82.5,151.34,27.62,44.9,8.52,5.38,5.93,18.6,16.86,56.24,1.78,127.73,33.9,414.35,222.17,3430.52,"Europe"
2017,"Austria",71.52,25.86,49.64,65.86,66.94,95.66,19.25,80.75,80.91,148.9,21.9,35.28,9.66,3.63,3.78,27.55,26.46,59.08,1.69,76.94,26.27,28.17,89.43,1289.32,"Europe"
2017,"Uruguay",70.29,18.57,45.5,56.82,67.62,32.86,51.64,48.36,67.11,120.67,46.86,81.96,19.7,4.47,4.06,22.38,24.62,202.18,0.49,NA,NA,NA,NA,NA,"South America"
2017,"Canada",70.16,29.84,50.83,69.26,65.65,108.01,39.25,60.75,69.23,127.13,26.54,44.96,6.4,5.47,6.16,18.29,16.23,42.14,2.37,149.56,36.24,754.76,181.64,5236.82,"North America"
2017,"Puerto Rico",69.59,19.55,45.61,66.84,63.26,83.05,69.19,30.81,56.28,103.88,55.78,96.27,5.11,7.03,6.54,14.22,15.28,40.14,2.49,NA,NA,NA,NA,NA,"North America"
2017,"United Kingdom",69.49,30.98,51.03,55.85,76.84,96.85,41.19,58.81,74.28,135.95,34.88,57,10,4.16,4.4,24.02,22.75,69.1,1.45,130.7,34.6,502.14,164.17,3705.96,"Europe"
2017,"Qatar",69.2,66.81,68.06,56.09,72.73,111.28,15.7,84.3,66.14,119.54,73.29,130.41,6.19,9.49,9.19,10.54,10.88,47.11,2.12,151.56,32.97,315.22,130.62,7993.14,"Asia"
2017,"United Arab Emirates",67.98,68.84,68.39,55.36,63.92,116.77,20.66,79.34,60.49,111.23,58.52,101,5.6,9.7,10.65,10.3,9.39,42.07,2.38,161.77,35.05,565.01,198.76,7895.27,"Asia"
2017,"Germany",65.5,25.35,46.26,50.09,62.62,124.88,32.03,67.97,76.74,140.31,27.05,42.98,7.46,3.75,4.09,26.68,24.47,45.91,2.18,95.92,30.55,136.17,106.38,1882.46,"Europe"
2017,"Malta",62.8,23.2,43.82,52.83,66.89,68.09,30.56,69.44,76.18,139.03,69.56,121.35,8.74,5.89,6.14,16.98,16.28,61.42,1.63,NA,NA,NA,NA,NA,"Europe"
2017,"Macao",62.56,39,51.27,56.33,48.56,86.41,NA,NA,NA,NA,NA,NA,NA,NA,NA,NA,NA,NA,NA,NA,NA,NA,NA,NA,"Asia"
2017,"Lebanon",61.65,30.89,46.91,46.92,60.23,53.61,49.16,50.84,64.28,118.54,85.11,151.14,13.95,5.36,6.27,18.67,15.94,126.66,0.79,162.78,36.15,738.88,157.05,7554.4,"Asia"
2017,"Taiwan",61.38,14.8,39.06,72.89,28.14,118.57,17.24,82.76,81.14,148.12,62.91,109.49,12.87,1.54,1.71,64.91,58.64,78.76,1.27,127.32,32.69,288.63,181.08,4119.38,"Asia"
2017,"Ghana",60.48,46.73,53.89,56.35,43.38,14.52,46.99,53.01,NA,NA,98.83,179.32,NA,NA,NA,NA,NA,NA,NA,NA,NA,NA,NA,NA,"Africa"
2017,"Jordan",59.22,12.51,36.83,50.19,56.19,42.27,43.14,56.86,71.92,131.35,85.73,153.06,7.96,6.48,7.23,15.43,13.84,76.63,1.3,221.35,47.76,4937.39,251.68,7649.24,"Asia"
2017,"Costa Rica",58.57,18.76,39.5,57.55,45.38,53.63,55.94,44.06,60.19,107.67,50.05,87.33,8.52,7.16,6.56,13.96,15.25,106.17,0.94,NA,NA,NA,NA,NA,"North America"
2017,"Bahrain",57.78,31.64,45.26,55.45,49.24,94.78,35.35,64.65,NA,NA,76.27,140.8,NA,NA,NA,NA,NA,NA,NA,NA,NA,NA,NA,NA,"Asia"
2017,"Jamaica",56.9,11.92,35.34,55.96,39.04,36.61,67.48,32.52,NA,NA,70.71,123.75,NA,NA,NA,NA,NA,NA,NA,NA,NA,NA,NA,NA,"North America"
2017,"Panama",56.88,31.86,44.89,57.44,47.42,38.48,50.01,49.99,NA,NA,65.49,116.98,12.25,10.29,9.89,9.72,10.11,102.41,0.98,164.36,36.18,744.38,166.27,7743.18,"North America"
2017,"Trinidad And Tobago",56.15,21.09,39.35,53.54,51.94,57.14,70.15,29.85,NA,NA,71.82,125.09,NA,NA,NA,NA,NA,NA,NA,NA,NA,NA,NA,NA,"North America"
2017,"Greece",55.87,10.2,33.98,44.95,54.62,58.24,40.32,59.68,53.92,94.91,52.05,89.41,8.33,4.14,4.2,24.15,23.8,62.48,1.6,120.69,31.6,200.81,133.09,4017.28,"Europe"
2017,"Belize",55.8,11.35,34.5,49.35,33.41,134.33,NA,NA,NA,NA,NA,NA,NA,NA,NA,NA,NA,NA,NA,NA,NA,NA,NA,NA,"North America"
2017,"Mongolia",55.56,29.65,43.14,53.99,31.81,22.83,67.62,32.38,NA,NA,93.8,173.11,15.77,9.78,13.36,10.22,7.49,203.47,0.49,NA,NA,NA,NA,NA,"Asia"
2017,"Spain",54.98,18.83,37.65,44.68,53.68,87.87,31.28,68.72,76.65,141.24,37.46,62.93,8.26,4.38,5.23,22.81,19.13,52.02,1.92,121.21,32.63,282.84,147.5,3554.31,"Europe"
2017,"Cyprus",54.07,12.28,34.04,44.06,58.05,95.92,32.46,67.54,54.23,94.54,54.77,93.58,5.21,4.9,5.14,20.42,19.45,39.85,2.51,85.34,20.32,20.32,47.62,2873.86,"Asia"
2017,"Palestinian Territory",53.46,10.31,32.78,50.02,37.8,50.54,38.01,61.99,NA,NA,NA,NA,6.11,6.95,6.87,14.4,14.55,53.86,1.86,NA,NA,NA,NA,NA,"Asia"
2017,"Slovenia",53.24,14.06,34.46,43.48,43.13,78.23,24.05,75.95,64.35,117.51,26.37,46.46,8.34,4.2,4.21,23.82,23.77,60.26,1.66,102.04,26.48,29.41,145.81,3370.73,"Europe"
2017,"Fiji",53.11,27.43,40.8,57.09,36.84,33.67,55.6,44.4,NA,NA,65.34,114.18,NA,NA,NA,NA,NA,NA,NA,NA,NA,NA,NA,NA,"Oceania"
2017,"Brazil",53.07,15.52,35.07,41.65,42.33,42.38,70.62,29.38,51.7,91.48,61.17,104.95,16.96,4.01,4.02,24.92,24.85,224.6,0.45,202.55,46.39,4177.04,237.85,5792.16,"South America"
2017,"Oman",52.59,27.92,40.77,49.34,51.26,111.86,24.47,75.53,NA,NA,49.59,83.82,NA,NA,NA,NA,NA,NA,NA,NA,NA,NA,NA,NA,"Asia"
2017,"Argentina",52.57,13.92,34.05,44.06,50.37,58.4,62.63,37.37,73.3,133.68,53.33,92.15,12.07,3.77,3.9,26.53,25.64,333.23,0.3,151.95,37.95,1092.75,149.42,4722.3,"South America"
2017,"Dominican Republic",52.09,12.54,33.14,46.92,42.31,29.08,62.62,37.38,NA,NA,80.21,141.57,12.6,7.02,6.51,14.24,15.36,164.37,0.61,NA,NA,NA,NA,NA,"North America"
2017,"Zimbabwe",51.56,13.58,33.36,44.75,39.95,27.18,53.46,46.54,NA,NA,71.89,127.89,NA,NA,NA,NA,NA,NA,NA,NA,NA,NA,NA,NA,"Africa"
2017,"Mauritius",50.39,12.62,32.29,43.28,35.81,50.77,51.13,48.87,NA,NA,50.83,87.89,NA,NA,NA,NA,NA,NA,NA,NA,NA,NA,NA,NA,"Africa"
2017,"Chile",50.09,15.43,33.48,43.19,44.38,61.28,47.5,52.5,60.97,109.82,67.67,123.14,10.67,4.42,5.06,22.64,19.77,83.59,1.2,123.57,35.7,664.42,106.95,2678.27,"South America"
2017,"Estonia",49.5,13.98,32.47,36.74,46.76,68.48,23,77,71.3,130.71,17.71,30.98,10.54,4.11,3.95,24.33,25.3,68.75,1.45,81.51,26.71,31.04,75.19,1644.57,"Europe"
2017,"Portugal",49.19,16.77,33.66,39.14,41.24,62.72,35.39,64.61,70.31,127.45,28.91,47.01,8.85,5.95,6.08,16.81,16.46,60.87,1.64,114.4,30.44,130.15,113.04,3834.55,"Europe"
2017,"Tanzania",48.51,22.8,36.19,37.55,33.48,41.95,61.39,38.61,NA,NA,64.66,112.88,NA,NA,NA,NA,NA,NA,NA,NA,NA,NA,NA,NA,"Africa"
2017,"Saudi Arabia",48.37,14.36,32.07,40.54,30.22,138.05,23.65,76.35,60.41,108.26,74.18,132.12,2.85,7.29,8.01,13.72,12.49,21.07,4.75,156.57,36.31,767.45,173.92,6298.43,"Asia"
2017,"Croatia",48,10.09,29.83,39.91,37.53,60.71,27.8,72.2,65.49,121.03,33.34,55.35,10.91,3.31,3.69,30.24,27.07,89.21,1.12,102.55,28.45,57.52,98.74,3201.08,"Europe"
2017,"Latvia",47.83,12.09,30.7,36.72,41.16,52.45,36.45,63.55,NA,NA,29.15,47.1,10.39,4.77,5.05,20.96,19.8,68.49,1.46,101.68,28.95,70.94,109.35,2899.73,"Europe"
2017,"Honduras",47.4,11.6,30.24,39.37,36.27,37.49,78.34,21.66,NA,NA,NA,NA,NA,NA,NA,NA,NA,NA,NA,NA,NA,NA,NA,NA,"North America"
2017,"Iraq",47.04,15.22,31.79,39.2,44.43,55.09,54.35,45.65,45.92,79.04,80,142.26,7.79,7.04,8.25,14.2,12.12,103.64,0.96,NA,NA,NA,NA,NA,"Asia"
2017,"Cambodia",46.77,14.55,31.33,50.58,22.11,16.59,54.61,45.39,NA,NA,79.3,141.16,24.32,7.44,6.24,13.44,16.03,292.43,0.34,NA,NA,NA,NA,NA,"Asia"
2017,"Lithuania",46.73,13.25,30.69,36.15,40.08,51.67,40.03,59.97,68.74,123.71,34.27,57.21,14.19,3.9,4.14,25.62,24.18,89.18,1.12,99.32,28,47.81,101.35,2952.67,"Europe"
2017,"Namibia",46.48,21.03,34.28,40.86,43.21,50.49,63.09,36.91,NA,NA,NA,NA,8.2,10.09,9.24,9.91,10.83,100.9,0.99,NA,NA,NA,NA,NA,"Africa"
2017,"Ecuador",46.1,12.44,29.97,44.87,30.41,37.77,50.88,49.12,69.24,124.87,57.27,97.53,12.56,6.41,5.17,15.61,19.35,150.54,0.66,NA,NA,NA,NA,NA,"South America"
2017,"Guatemala",46.01,14.31,30.82,43.88,32.63,48.18,59.58,40.42,NA,NA,NA,NA,8.05,7.25,8.56,13.8,11.68,94.38,1.06,NA,NA,NA,NA,NA,"North America"
2017,"El Salvador",45.95,9.38,28.42,41.17,35.15,29.7,71.57,28.43,NA,NA,NA,NA,NA,NA,NA,NA,NA,NA,NA,NA,NA,NA,NA,NA,"North America"
2017,"Libya",45.85,18.8,32.88,47.01,35.69,132.65,54.47,45.53,NA,NA,45.3,76,3.9,7.1,7.13,14.08,14.03,26.6,3.76,NA,NA,NA,NA,NA,"Africa"
2017,"Ethiopia",45.72,20.83,33.79,36.9,23.9,16.66,49.18,50.82,NA,NA,83.16,147.58,NA,NA,NA,NA,NA,NA,NA,NA,NA,NA,NA,NA,"Africa"
2017,"Slovakia",44.9,16.49,31.29,38.84,33.17,64.75,30.18,69.82,62.63,113.35,43.51,73.79,9.85,5.62,5.57,17.78,17.94,61.59,1.62,141.34,36.03,718.6,291.46,3774.06,"Europe"
2017,"China",44.76,18.67,32.26,47.74,29.68,67.84,33.9,66.1,62.25,111.03,88.96,163.22,23.29,2.23,2.74,44.83,36.49,189.71,0.53,177.45,43.87,2979.14,185.25,4276,"Asia"
2017,"Zambia",44.73,21.94,33.81,33.83,32.32,89.93,NA,NA,NA,NA,NA,NA,NA,NA,NA,NA,NA,NA,NA,NA,NA,NA,NA,NA,"Africa"
2017,"Thailand",43.71,14.94,29.92,48.31,21.42,34.28,49.78,50.22,80.66,147.46,73.23,128.16,24.43,3.8,3.54,26.29,28.27,212.03,0.47,204.83,43.56,2851.85,256.33,8438.25,"Asia"
2017,"South Africa",43.12,16.33,30.28,36.27,40.2,98.96,75.72,24.28,61.72,110.65,63.56,109.84,3.58,9.51,10.41,10.51,9.6,41.97,2.38,208.19,42.98,2619.5,229.47,9777.29,"Africa"
2017,"Hungary",42.77,12.67,28.35,33.62,32.72,47.52,38.39,61.61,53.46,95.4,43.99,74.67,11.2,5.43,5.97,18.43,16.76,97.32,1.03,113.19,33.09,327.11,111.83,2645.53,"Europe"
2017,"Russia",42.01,17.58,30.3,33.58,43.85,48.27,46.05,53.95,56.4,99.19,63.04,108.39,13.55,5.75,6.31,17.39,15.85,193.91,0.52,203.27,48.57,5424.79,204.96,4452.81,"Europe"
2017,"Czech Republic",41.22,14.83,28.57,35.84,27.99,76.22,30.18,69.82,74.09,136.05,41.04,69.22,10.7,4.17,4.61,24.01,21.71,65.37,1.53,102.5,31.98,228.77,82.28,2145.96,"Europe"
2017,"Indonesia",41.11,11.66,26.99,45.8,20.29,27.61,49.68,50.32,64.8,115.88,76.41,134.41,21.03,4.67,4.94,21.41,20.26,247.68,0.4,226.48,49.44,5983.34,270.77,6927.33,"Asia"
2017,"Malaysia",40.24,11.19,26.32,42.44,20.87,73.34,64.75,35.25,65.99,118.63,67.08,115.69,9.53,4.07,4.05,24.6,24.66,72.87,1.37,175.17,39.4,1447.25,186.01,7071.8,"Asia"
2017,"Vietnam",40.11,15.49,28.31,39.6,20.46,24.77,52.96,47.04,47.87,81.7,88.1,157.69,26.76,4.52,7.03,22.1,14.22,285.55,0.35,119.5,33,318.01,122.67,3316.8,"Asia"
2017,"Peru",39.47,17.23,28.81,36.17,25.5,41.2,63.28,36.72,58.46,104.83,87.86,158.55,16.46,6.24,5.45,16.01,18.34,204.59,0.49,NA,NA,NA,NA,NA,"South America"
2017,"Montenegro",39.35,9.54,25.06,31.1,35.03,46.61,38.67,61.33,NA,NA,49.18,83.62,15.27,3.53,3.7,28.35,27.06,165.12,0.61,NA,NA,NA,NA,NA,"Europe"
2017,"Kenya",39,9.68,24.95,37.65,29.98,30.99,64.96,35.04,NA,NA,70,122.86,NA,NA,NA,NA,NA,NA,NA,NA,NA,NA,NA,NA,"Africa"
2017,"Bolivia",38.65,11.07,25.43,32.13,27.97,46.74,59.5,40.5,NA,NA,85.07,151.67,9.65,6.03,6.76,16.58,14.79,89.13,1.12,NA,NA,NA,NA,NA,"South America"
2017,"Turkey",38.6,10.56,25.16,33.46,26.45,55.64,41.09,58.91,71.68,129.2,70.46,125.26,8.87,5.43,6.28,18.41,15.92,121.45,0.82,207.36,47.58,4828.84,229.37,5647.06,"Asia"
2017,"Venezuela",38.3,7.51,23.55,39.4,37.34,3.35,85.28,14.72,36.9,63.47,72.9,129.11,202.07,3.51,3.18,28.48,31.42,4469.07,0.02,206.49,46.24,4094.96,214.47,6661.76,"South America"
2017,"Iran",38.26,17.05,28.09,33.53,33.17,43.18,50.9,49.1,51.55,91.37,82.51,150.91,13.5,6.1,8.12,16.39,12.31,275.34,0.36,234.34,49.7,6157.21,243.67,8200.3,"Asia"
2017,"Poland",38.15,13.93,26.54,29.69,31.53,71.75,31.53,68.47,61.46,110.68,50.33,86.52,10.12,4.66,5.25,21.44,19.04,73.08,1.37,120.26,34.55,495.98,112.82,2789.19,"Europe"
2017,"Nigeria",36.82,17.62,27.62,37.02,22.37,25.23,70.87,29.13,52.33,91.41,85.48,154.16,NA,NA,NA,NA,NA,NA,NA,NA,NA,NA,NA,NA,"Africa"
2017,"Bulgaria",36.49,8.91,23.27,30.49,29.56,51.4,40.18,59.82,54.03,96.67,63.12,112.81,9.07,5.36,5.68,18.65,17.59,77.24,1.29,94.9,27.92,46.35,97.17,2531.84,"Europe"
2017,"Bangladesh",36.1,5.61,21.49,32.71,24.86,37,67.24,32.76,43.49,75.19,92.3,167.39,12.89,3.25,3.48,30.81,28.71,181.3,0.55,NA,NA,NA,NA,NA,"Asia"
2017,"Romania",35.63,9.59,23.15,29.05,30.16,53.44,27.95,72.05,53.11,93.55,50.9,84.63,10.79,4.89,4.76,20.43,20.99,83.3,1.2,108.9,31.97,227.9,111.36,2629.54,"Europe"
2017,"Morocco",35.53,10.44,23.5,31.51,23.89,41.2,48.89,51.11,44.5,75.42,68.17,119.24,14.4,4.99,5.01,20.04,19.98,119.43,0.84,NA,NA,NA,NA,NA,"Africa"
2017,"Bosnia And Herzegovina",35.05,6.22,21.23,29.76,24.22,51.29,40.97,59.03,61.49,110.37,60.69,107.27,11.35,3.41,3.31,29.36,30.18,104.89,0.95,89.73,26.63,30.39,60.5,2480.63,"Europe"
2017,"Philippines",34.71,7.32,21.58,33.95,19.86,36,39.77,60.23,69.16,124.1,70.25,122.46,16.91,3.75,3.54,26.69,28.29,162.87,0.61,202.16,45.14,3549.12,234.58,6745.11,"Asia"
2017,"Colombia",34.45,10.69,23.06,28.76,24.97,37.63,51.69,48.31,65.79,117.82,63.9,114.39,19.43,4.25,4.3,23.52,23.28,283.62,0.35,168.47,43.77,2937.78,196.87,3188.57,"South America"
2017,"Uganda",34.14,6.83,21.05,29.41,20.79,19.42,56.87,43.13,NA,NA,NA,NA,NA,NA,NA,NA,NA,NA,NA,NA,NA,NA,NA,NA,"Africa"
2017,"Armenia",33.87,9.91,22.39,26.83,31.03,32.88,27.08,72.92,NA,NA,65.68,120.16,14.29,6.27,5.21,15.94,19.19,213.1,0.47,NA,NA,NA,NA,NA,"Asia"
2017,"Belarus",33.84,12.21,23.47,27.19,37.6,36.43,22.26,77.74,53.76,94.69,39.64,65.29,18.73,5.31,4.82,18.85,20.75,587.51,0.17,108,27.66,41.87,76.87,4238.55,"Europe"
2017,"Serbia",33.79,7.25,21.07,24.96,27.2,40.8,38.62,61.38,53.86,97.42,55.29,94.82,17.87,3.14,3.33,31.88,30.07,142.63,0.7,101.94,29.93,106.35,127.7,2539.98,"Europe"
2017,"Sri Lanka",33.47,8.74,21.62,36.79,19.51,30.28,34.57,65.43,80.04,146.12,61.9,106.76,17.49,4.91,4.47,20.38,22.38,238.64,0.42,197.2,47.19,4610.29,225.59,4501.05,"Asia"
2017,"Albania",32.42,6.3,19.9,26.07,25.06,34.49,44.27,55.73,NA,NA,76.72,134.46,14.43,3.96,5,25.22,20.02,137.95,0.72,NA,NA,NA,NA,NA,"Europe"
2017,"Algeria",32.38,6.83,20.14,32.5,20.12,36.66,49.63,50.37,NA,NA,66.49,116.59,21.76,2.66,2.96,37.6,33.8,177.68,0.56,NA,NA,NA,NA,NA,"Africa"
2017,"Macedonia",30.93,6.02,18.99,25.41,20.74,39.85,38.66,61.34,63.46,113.28,83.38,152.32,14.67,3.71,3.57,26.93,28.04,132.83,0.75,121.04,33.79,402.3,146.65,3034.07,"Europe"
2017,"Kazakhstan",30.74,11.27,21.41,24.83,32.04,44.84,48.29,51.71,NA,NA,72.82,132.56,12.38,6.23,5.82,16.06,17.18,212.01,0.47,93.84,28.5,58.63,60.72,2488.89,"Asia"
2017,"Nepal",30.02,3.36,17.24,26.38,16.27,25.09,37.15,62.85,NA,NA,82.5,146.34,NA,NA,NA,NA,NA,NA,NA,NA,NA,NA,NA,NA,"Asia"
2017,"Mexico",29.81,8.37,19.53,28.06,25.8,60.08,50.32,49.68,70.11,125.7,66.74,115.44,6.94,6.85,6.31,14.6,15.85,86.58,1.16,186.7,41.66,2135.73,224.93,7026.7,"North America"
2017,"Tunisia",28.74,6.1,17.89,27.58,16.95,40.19,40.94,59.06,65.73,117.37,66.34,115.3,12.53,4.25,4.83,23.54,20.72,113.68,0.88,NA,NA,NA,NA,NA,"Africa"
2017,"Moldova",28.37,7.85,18.54,21.97,20.32,29.38,45.35,54.65,NA,NA,66.16,115.03,15.5,6.06,6.58,16.51,15.19,227.88,0.44,NA,NA,NA,NA,NA,"Europe"
2017,"Syria",28.31,5.98,17.61,26.72,22.21,14.08,66.34,33.66,NA,NA,61.17,106.81,37.76,3.85,5.35,25.97,18.7,374.3,0.27,NA,NA,NA,NA,NA,"Asia"
2017,"Azerbaijan",27.76,10.66,19.57,22.93,29.25,30.8,27.05,72.95,NA,NA,83.1,147.78,20.35,5.47,5.51,18.28,18.15,232.95,0.43,NA,NA,NA,NA,NA,"Asia"
2017,"Georgia",27.37,8.57,18.36,22.26,26.65,33.03,20.83,79.17,NA,NA,72.72,130.05,12.35,7.63,7.45,13.1,13.43,158.43,0.63,NA,NA,NA,NA,NA,"Asia"
2017,"Pakistan",27.18,5.03,16.57,24.83,21.01,39.95,54.38,45.62,59.05,104.36,80.08,141.58,12.09,4.08,3.81,24.51,26.26,156.97,0.64,156.46,38.69,1266.31,167.09,4796.44,"Asia"
2017,"Ukraine",26.22,9.36,18.14,19.87,19.69,26.93,51.27,48.73,49.81,86.74,67.26,117.4,22.87,5.3,6.01,18.88,16.63,512.06,0.2,147.81,39.16,1384.85,145.99,3523.36,"Europe"
2017,"India",25.08,6.77,16.31,25.2,16.38,76.73,43.96,56.04,69.18,124.52,76.53,134.77,10.28,3.08,3.81,32.44,26.24,123.44,0.81,204.69,46.38,4172.18,239.02,6124.35,"Asia"
2017,"Egypt",22.36,5.03,14.05,19.01,18.56,29.39,52.86,47.14,43.73,75.36,88.88,159.13,10.66,7.18,7.74,13.93,12.93,138.09,0.72,235.07,48.84,5593.66,286.19,8935.25,"Africa"
2018,"Bermuda",144.88,100.71,123.57,143.42,151.59,104.24,NA,NA,NA,NA,NA,NA,NA,NA,NA,NA,NA,NA,NA,NA,NA,NA,NA,NA,"North America"
2018,"Switzerland",131.39,53.84,93.99,133.34,131.86,126.15,21.76,78.24,71.73,134.81,23.01,36.74,10.94,2.65,3,37.74,33.37,62.84,1.59,90.82,29.28,81.45,105.62,1783.7,"Europe"
2018,"Iceland",123.96,54.63,90.52,118.95,132.59,87.84,24.49,75.51,65.51,119.08,13.73,24.9,6.85,6.71,7.5,14.91,13.34,59.97,1.67,NA,NA,NA,NA,NA,"Europe"
2018,"Norway",113.7,40.85,78.57,106.52,125.04,107.95,43.33,56.67,74.66,136.37,20.22,33.08,8.71,3.64,4.09,27.45,24.44,55.55,1.8,106.5,31.04,163.71,136.58,2598.95,"Europe"
2018,"Bahamas",100.68,35.31,69.16,88.38,102.08,71.4,NA,NA,NA,NA,NA,NA,NA,NA,NA,NA,NA,NA,NA,NA,NA,NA,NA,NA,"North America"
2018,"Luxembourg",96.56,59.87,78.87,84.98,107.94,116.73,32.12,67.88,NA,NA,NA,NA,11.18,3.94,3.97,25.36,25.19,67.59,1.48,NA,NA,NA,NA,NA,"Europe"
2018,"Denmark",93.3,36.62,65.96,72.46,113.39,117.53,22.02,77.98,77.07,142.18,23.6,36.12,7.22,4.18,4.79,23.93,20.88,44.67,2.24,83.56,28.53,59.39,96.68,1405.53,"Europe"
2018,"Singapore",91.4,71.89,81.99,83.64,64.4,95.89,16.23,83.77,69.61,129.37,33.94,58.17,22.2,2.67,3.17,37.47,31.58,138.59,0.72,177.62,45.99,3968.09,191.45,3003.1,"Asia"
2018,"Japan",86.58,25.6,57.17,91.58,49.16,107.35,13.1,86.9,81.72,149.41,41.66,68.02,12.64,2.03,2.56,49.26,39.07,71,1.41,149.87,44.48,3247.32,158.24,1283.13,"Asia"
2018,"Israel",86.53,35.57,61.95,72.44,94.89,102.3,36.9,63.1,74.05,135.62,60.27,106.78,13.85,2.63,3.05,38.03,32.74,94.37,1.06,152.71,36.73,842.61,166.99,5480.93,"Asia"
2018,"Ireland",85.45,47.16,66.98,69.51,93.16,96.1,43.82,56.18,53.02,96.44,28.66,48.1,7.63,6.17,7.49,16.2,13.35,54.8,1.82,146.88,37.47,990.72,178.07,4172.03,"Europe"
2018,"Australia",84.3,41.85,63.83,80.66,81.57,122.98,42.55,57.45,76.21,138.78,24.76,39.81,7.41,4.97,5.15,20.13,19.41,56.1,1.78,150.98,36.32,768.21,176.52,5426.12,"Oceania"
2018,"France",83.86,28.62,57.22,78.06,81.87,101.21,45.29,54.71,78.03,142.77,40.41,67.8,9.93,3.2,3.66,31.29,27.36,60.78,1.65,124.48,35.03,561.7,127.4,2966.06,"Europe"
2018,"Sweden",83.7,28.01,56.84,76.1,86.67,113.01,49.26,50.74,70.42,129.31,19.1,30.57,10.52,2.61,3.37,38.37,29.67,63.02,1.59,99.34,30.68,142.86,103.03,2167.73,"Europe"
2018,"New Zealand",83.41,33.79,59.48,76.98,79.05,98.61,39.15,60.85,71.95,130.38,21.77,36.93,8.18,4.83,4.93,20.68,20.3,64.31,1.55,139.76,34.48,486.36,186.24,4841.53,"Oceania"
2018,"Belgium",83.35,28.05,56.68,72.79,93.25,98.91,42.17,57.83,80.43,147.44,48.92,82.92,7.1,4.93,4.92,20.29,20.32,44.91,2.23,129.06,34.63,506.95,156.91,3526.16,"Europe"
2018,"South Korea",82.94,23.39,54.22,99.67,48.98,109.36,35.83,64.17,83.4,152.57,52.87,94.95,14.05,1.79,1.86,55.73,53.72,98.21,1.02,124.42,37.24,941.76,139.01,1998.66,"Asia"
2018,"Netherlands",82.69,36.21,60.27,65.83,92.73,109.48,28.94,71.06,81.08,148.53,27.16,44.77,6.74,5.31,6.15,18.82,16.25,43.09,2.32,120.03,32.73,292.02,199,3148.05,"Europe"
2018,"Finland",81.7,29.72,56.63,68.78,86.89,119.42,23.7,76.3,75.4,137.04,12.07,22.87,7.49,3.75,4.56,26.69,21.92,43.31,2.31,103.9,33.23,341.53,101.73,1772.02,"Europe"
2018,"Austria",81.47,29.28,56.3,76.77,75.85,98.69,20.41,79.59,78.8,144.68,22.87,36.85,9.58,3.6,3.87,27.8,25.87,58.7,1.7,78.9,27.02,33.75,82.77,1367.1,"Europe"
2018,"Italy",79.06,23.14,52.09,68.05,84.74,81.07,44.53,55.47,68.01,123.63,53.11,89.45,9.88,3.54,4.28,28.25,23.35,63.15,1.58,143.38,37.01,896.48,166.5,4036.35,"Europe"
2018,"Hong Kong",78.72,79.54,79.12,83.47,56.17,82.86,20.9,79.1,63.81,115.85,69.35,124.4,41.08,1.95,1.91,51.37,52.34,257.22,0.39,141.7,41.26,2001.9,157.57,1860.88,"Asia"
2018,"United Kingdom",75.85,33.4,55.38,60.96,83.87,108.54,41.2,58.8,74.19,135.82,37.71,61.78,9.31,3.88,4.61,25.76,21.67,63.26,1.58,136.12,35.75,672.24,166.69,3785.45,"Europe"
2018,"Germany",74.35,29.06,52.51,58.87,71.21,125.01,36.65,63.35,75.44,137.58,27.32,43.59,8.05,3.57,3.9,28.04,25.61,48.33,2.07,102.94,31.25,177.15,125.24,2226.93,"Europe"
2018,"United States",72.95,38.52,56.35,73.93,69.95,127.62,49.58,50.42,68.38,126.08,31.7,53.76,3.34,10.75,11.8,9.3,8.47,24.1,4.15,157.67,34.74,521.51,209.27,7330.96,"North America"
2018,"Canada",72.48,30.82,52.38,71.44,68.7,118.92,39.28,60.72,70.58,129.59,27.7,45.91,6.12,5.35,6.01,18.69,16.63,40.41,2.47,148.73,36.07,725.01,179.37,5232.68,"North America"
2018,"Malta",70.92,29.33,50.86,59.82,75.14,66.24,31.93,68.07,NA,NA,71.93,125.85,9.75,5.8,6.77,17.24,14.78,68.9,1.45,NA,NA,NA,NA,NA,"Europe"
2018,"United Arab Emirates",67.21,60.72,64.08,55.59,63.33,124.78,18.75,81.25,63.48,117.3,55.78,95.78,4.88,10.26,10.6,9.74,9.43,35.87,2.79,175.42,37.49,994.77,249.5,8207.54,"Asia"
2018,"Puerto Rico",66.99,18.69,43.7,66.25,55.72,103.77,64.94,35.06,56.34,103.51,NA,NA,NA,NA,NA,NA,NA,NA,NA,NA,NA,NA,NA,NA,"North America"
2018,"Uruguay",66.88,20.03,44.29,54.51,69.18,34.31,51.83,48.17,60.41,108.64,49.37,86.85,18.52,4.97,4.65,20.1,21.49,193.01,0.52,NA,NA,NA,NA,NA,"South America"
2018,"Taiwan",65.42,15.06,41.13,79.24,28.86,106.38,20.74,79.26,82,149.84,63.25,110.35,14.35,1.44,1.77,69.22,56.5,87.29,1.15,125.04,33.15,332.81,170.95,3669.49,"Asia"
2018,"Qatar",65.37,65.33,65.35,57.5,64.8,125.05,15.7,84.3,70.5,127.95,70.24,124.31,NA,NA,NA,NA,NA,NA,NA,163.1,34.78,527.2,151.03,8660.78,"Asia"
2018,"Greece",63.15,11.82,38.4,50.87,61.7,53.8,39.07,60.93,54.18,95.49,52.85,91.59,9.46,4,4.35,25,23.01,70.7,1.41,120.24,32.16,243.02,127.68,3744.31,"Europe"
2018,"Spain",61.75,22.23,42.69,51.28,60.56,90.67,36.74,63.26,77.49,142.81,38.11,63.21,8,4.68,5.57,21.36,17.96,49.83,2.01,116.12,31.42,187.81,135.67,3522.38,"Europe"
2018,"Jamaica",60.62,12.47,37.4,60.25,39.67,35.26,66.87,33.13,NA,NA,71.89,126.27,NA,NA,NA,NA,NA,NA,NA,NA,NA,NA,NA,NA,"North America"
2018,"Cyprus",60.32,15.44,38.68,49.67,65.36,94.78,30.18,69.82,55.06,96.16,55.76,94.79,5.33,5.46,5.69,18.31,17.58,39.17,2.55,NA,NA,NA,NA,NA,"Asia"
2018,"Lebanon",60.23,27.93,44.65,46.15,58.7,56.36,49.16,50.84,NA,NA,85.68,152.45,13.72,5.02,5.92,19.93,16.88,121.26,0.82,NA,NA,NA,NA,NA,"Asia"
2018,"Ghana",59.79,32.79,46.77,54.89,37.39,15.95,45,55,NA,NA,NA,NA,NA,NA,NA,NA,NA,NA,NA,NA,NA,NA,NA,NA,"Africa"
2018,"Slovenia",59.65,15.5,38.36,50.78,48.93,80.33,24.71,75.29,64.69,118.78,26.25,46.22,8.38,4.15,4.09,24.08,24.45,59.03,1.69,106.96,27.78,43.85,148.71,3644.04,"Europe"
2018,"Bahrain",59.63,31.05,45.84,57.99,54.16,72.29,36.96,63.04,NA,NA,76.41,140.96,NA,NA,NA,NA,NA,NA,NA,NA,NA,NA,NA,NA,"Asia"
2018,"Palestinian Territory",58.16,10.29,35.07,54.43,41.78,60.19,37.95,62.05,NA,NA,NA,NA,5.39,6.18,6.61,16.19,15.14,50.12,2,NA,NA,NA,NA,NA,"Asia"
2018,"Estonia",57.65,15.81,37.47,43.8,56.8,74.82,20.83,79.17,71.35,130.34,17.17,29.21,9.24,4.15,4.42,24.09,22.62,58.1,1.72,110.35,32.73,292.26,190.6,2183.08,"Europe"
2018,"Kuwait",56.9,36.33,46.98,43.97,48.48,100.58,37.03,62.97,NA,NA,NA,NA,NA,NA,NA,NA,NA,NA,NA,NA,NA,NA,NA,NA,"Asia"
2018,"Costa Rica",56.2,17.65,37.61,55.56,45.89,54.7,53.89,46.11,NA,NA,49.87,87.09,7.91,7.29,7.51,13.72,13.31,91.32,1.1,NA,NA,NA,NA,NA,"North America"
2018,"Portugal",55.86,20.39,38.75,45.47,46.83,61.97,34.54,65.46,69.5,125.92,30.53,49.6,10.01,5.53,6.36,18.09,15.71,65.58,1.52,113.19,30.28,122.54,119.34,3710.31,"Europe"
2018,"Chile",55.24,16.61,36.61,47.8,51.4,54.53,46.48,53.52,61.9,112.43,66.79,122.16,13.09,4.37,4.33,22.89,23.1,101.35,0.99,128.14,35.07,567.12,114.02,3432.3,"South America"
2018,"Jordan",55.09,12.07,34.34,46.54,52.66,43.43,44.55,55.45,NA,NA,82.26,146.15,7.28,7.26,8.19,13.77,12.21,70.3,1.42,NA,NA,NA,NA,NA,"Asia"
2018,"Croatia",55.06,12.02,34.31,46.33,43.42,59.77,27,73,63.83,117.88,32.73,53.46,11.09,3.59,3.73,27.87,26.8,90.62,1.1,104.59,29.55,91,96.88,3098,"Europe"
2018,"Mauritius",55.04,13.33,34.92,49.51,39.37,46.66,48.31,51.69,NA,NA,57.56,98.25,NA,NA,NA,NA,NA,NA,NA,NA,NA,NA,NA,NA,"Africa"
2018,"Trinidad And Tobago",54.57,18.76,37.3,53.37,50.33,54.91,72.22,27.78,NA,NA,NA,NA,NA,NA,NA,NA,NA,NA,NA,NA,NA,NA,NA,NA,"North America"
2018,"Argentina",53.74,13.84,34.5,44.64,53.69,60.15,61.79,38.21,71.31,129.71,53.64,91.84,10.68,4.2,4.2,23.8,23.79,286.2,0.35,168.54,41.55,2099.24,167.01,4656.99,"South America"
2018,"Latvia",53.42,13.35,34.1,42.47,48.05,53.1,36.89,63.11,NA,NA,31.81,51.48,9.77,5.17,5.42,19.35,18.45,64.59,1.55,130.43,34.61,503.13,143.89,3770.16,"Europe"
2018,"Lithuania",53.24,15.21,34.9,41.74,48.86,57.29,37.59,62.41,66.81,120.36,33.14,54.55,13.02,3.97,4.22,25.19,23.7,79.1,1.26,100.99,28.69,63.45,119.34,2852.43,"Europe"
2018,"Panama",52.41,26.59,39.96,53.04,44.3,39.12,48.35,51.65,NA,NA,65.91,117.08,14.14,8.21,7.96,12.19,12.57,113.8,0.88,NA,NA,NA,NA,NA,"North America"
2018,"Brazil",51.33,13.89,33.27,39.69,41.21,41.56,70.55,29.45,52.65,93.08,59.48,101.92,16.26,4.06,4.17,24.61,23.95,215.96,0.46,195.8,45.27,3614.13,220.45,5710.44,"South America"
2018,"Slovakia",50.41,18.86,35.19,43.66,37.34,67.29,30.15,69.85,64.42,116.83,40.67,68.56,9.88,5.51,5.76,18.14,17.37,59.58,1.68,119.17,32.17,243.77,231.85,3153.51,"Europe"
2018,"Czech Republic",50.09,19.07,35.13,43.62,36.03,76.35,28.81,71.19,75.36,138.42,41.02,68.84,12.73,3.74,4.08,26.76,24.49,77.39,1.29,95.53,30.3,123.34,76.03,2061.49,"Europe"
2018,"Zimbabwe",49.54,12.29,31.57,44.3,37.66,27.29,54.56,45.44,NA,NA,NA,NA,NA,NA,NA,NA,NA,NA,NA,NA,NA,NA,NA,NA,"Africa"
2018,"Oman",49.31,20.31,35.32,46.71,46.17,99.24,27.37,72.63,NA,NA,42.78,70.42,NA,NA,NA,NA,NA,NA,NA,NA,NA,NA,NA,NA,"Asia"
2018,"Thailand",48.91,17.1,33.57,54.9,23.94,38.59,47.25,52.75,80.87,147.68,72.86,127.41,22.78,3.76,3.62,26.57,27.61,195.53,0.51,177.35,39.21,1398.67,223.41,7360.11,"Asia"
2018,"Hungary",48.6,15.37,32.57,38.61,37.38,50.62,36.51,63.49,51.09,91.72,46.57,80.02,13.32,4.49,5.34,22.25,18.72,112.96,0.89,116.53,34.12,441.54,108.35,2599.43,"Europe"
2018,"South Africa",48.05,17.91,33.51,40.66,45.74,99.83,75.71,24.29,62.96,113.14,62.15,107.22,3.49,10.17,10.34,9.83,9.67,41.8,2.39,211.66,43.26,2728.39,257.95,10021.52,"Africa"
2018,"Dominican Republic",47.9,10.3,29.77,41.87,43.65,27.43,61.53,38.47,NA,NA,76.8,134.9,12.68,6.57,6.51,15.23,15.35,172.89,0.58,NA,NA,NA,NA,NA,"North America"
2018,"El Salvador",47.87,11.45,30.31,46.79,36.16,30.92,69.72,30.28,NA,NA,NA,NA,NA,NA,NA,NA,NA,NA,NA,NA,NA,NA,NA,NA,"North America"
2018,"Saudi Arabia",47.86,13.5,31.29,42.04,32.03,131.46,36.69,63.31,60.19,107.31,71.72,126.71,2.79,7.8,8.34,12.82,11.99,19.88,5.03,148.11,34.01,428.19,158.41,6531.92,"Asia"
2018,"Ethiopia",47.55,24.02,36.2,39.15,20.21,14.98,47.67,52.33,NA,NA,77.96,137.09,NA,NA,NA,NA,NA,NA,NA,NA,NA,NA,NA,NA,"Africa"
2018,"Guatemala",46.87,14.59,31.3,44.62,36.81,41.3,59.35,40.65,NA,NA,NA,NA,NA,NA,NA,NA,NA,NA,NA,NA,NA,NA,NA,NA,"North America"
2018,"Zambia",46.49,19.5,33.47,40.41,33.5,101.26,NA,NA,NA,NA,NA,NA,NA,NA,NA,NA,NA,NA,NA,NA,NA,NA,NA,NA,"Africa"
2018,"Cambodia",45.92,13.55,30.31,49.33,23.07,14.94,54.38,45.62,NA,NA,79.41,140.74,NA,NA,NA,NA,NA,NA,NA,NA,NA,NA,NA,NA,"Asia"
2018,"Poland",45.2,16.63,31.42,35.85,37.7,74.42,36.23,63.77,62.08,111.74,51.12,89.59,9.77,4.91,5.28,20.39,18.92,69.57,1.44,117.93,33.6,380.64,114.02,2931.68,"Europe"
2018,"Tanzania",44.97,19,32.45,34.48,29.36,23.1,59.83,40.17,NA,NA,NA,NA,NA,NA,NA,NA,NA,NA,NA,NA,NA,NA,NA,NA,"Africa"
2018,"Malaysia",44.73,11.52,28.72,48.21,23.22,72.98,63.05,36.95,65.64,117.74,66.52,114.64,9.62,3.75,4.18,26.68,23.92,73.37,1.36,166.47,37.6,1016.67,183.73,6960.85,"Asia"
2018,"China",44.56,18.38,31.93,47.73,29.59,72.28,39.44,60.56,62.88,112.31,85.89,156.84,28.2,1.76,2.12,56.83,47.1,224.3,0.45,168.78,42.55,2453.28,170.78,4049.23,"Asia"
2018,"Montenegro",44.41,10.85,28.22,35.75,38.08,48.68,37.51,62.49,NA,NA,NA,NA,15.05,3.44,3.95,29.11,25.3,139.49,0.72,NA,NA,NA,NA,NA,"Europe"
2018,"Ecuador",44.28,11.18,28.32,42.85,30.82,39.39,49.18,50.82,NA,NA,59.19,101.27,13,5.41,5.11,18.49,19.57,161.7,0.62,NA,NA,NA,NA,NA,"South America"
2018,"Honduras",44.28,10.64,28.06,36.58,32.99,34.86,78.89,21.11,NA,NA,NA,NA,NA,NA,NA,NA,NA,NA,NA,NA,NA,NA,NA,NA,"North America"
2018,"Russia",43.89,16.61,30.73,35.9,45.91,51.11,45.2,54.8,56.77,99.92,63.26,109,11.44,6.28,6.46,15.93,15.49,154.85,0.65,202.23,48.26,5234.44,206.64,4521.6,"Europe"
2018,"Iraq",43.88,12.84,28.91,37.67,38.4,51.2,43.34,56.66,NA,NA,79.35,140.82,8.64,6.53,7.45,15.32,13.42,119.75,0.84,NA,NA,NA,NA,NA,"Asia"
2018,"Turkey",41.8,10.38,26.65,36.17,31.23,53.78,41.06,58.94,70.42,126.58,69.44,122.51,8.95,5.21,6.14,19.19,16.29,123.62,0.81,200.09,46.29,4122,218.74,5596.05,"Asia"
2018,"Bulgaria",41.21,9.81,26.06,35.2,33.61,54.44,39.7,60.3,52.11,92.67,63.03,113.65,8.58,5.42,5.72,18.43,17.48,67.03,1.49,106.93,31.12,168.96,106.17,2757.1,"Europe"
2018,"Indonesia",39.74,8.5,24.68,43.52,19.5,37.49,44.72,55.28,65.95,118.26,60.66,103.35,13.07,4.56,4.83,21.92,20.72,136.15,0.73,188.05,42.75,2528.48,230.16,6375.12,"Asia"
2018,"Romania",39.71,10.85,25.79,32.83,33.28,66.2,29.04,70.96,54.56,96.08,53.04,88.86,9.1,4.82,4.84,20.76,20.65,62.5,1.6,116.96,33.4,358.69,113.68,2911.72,"Europe"
2018,"Peru",39.64,14.4,27.47,35.87,26.29,37.07,63.91,36.09,NA,NA,83.35,148.96,18.93,4.8,5.31,20.85,18.83,227.75,0.44,NA,NA,NA,NA,NA,"South America"
2018,"Serbia",39.59,8.44,24.57,29.95,31.45,41.81,37.76,62.24,53.42,96.82,56.58,97.06,17.22,3.2,3.38,31.26,29.55,129.74,0.77,101,28.95,70.8,120.94,2770.78,"Europe"
2018,"Vietnam",39.44,15.11,27.71,39.09,19.96,30.09,52.22,47.78,52.45,90.51,88.1,157.79,21.34,4.93,6.96,20.27,14.36,227.34,0.44,111.38,31.1,167.74,121.04,3171.83,"Asia"
2018,"Bosnia And Herzegovina",39.26,6.94,23.68,33.76,26.68,52.4,40.05,59.95,55.9,100.9,61.56,109.96,11.56,3.43,3.14,29.15,31.84,101.04,0.99,90.96,27.48,39.22,67.18,2403.3,"Europe"
2018,"Kenya",38.72,8.67,24.23,36.57,31.61,32.06,59.77,40.23,NA,NA,72.26,127.44,NA,NA,NA,NA,NA,NA,NA,NA,NA,NA,NA,NA,"Africa"
2018,"Albania",37.88,7.33,23.15,30.87,29.08,37.03,39.87,60.13,NA,NA,75.21,131.62,14.25,3.69,4.75,27.07,21.05,129.22,0.77,NA,NA,NA,NA,NA,"Europe"
2018,"Morocco",37.12,11.46,24.74,33.26,25.76,45.07,48.51,51.49,41,69,67.66,118.25,13.29,5.34,5.06,18.71,19.77,112.11,0.89,NA,NA,NA,NA,NA,"Africa"
2018,"Bolivia",36.53,9.87,23.67,28.84,28.52,44.68,52.89,47.11,NA,NA,NA,NA,10.83,5.59,6.09,17.89,16.42,95.61,1.05,NA,NA,NA,NA,NA,"South America"
2018,"Philippines",35.99,8.04,22.51,34.3,20.94,34.02,40.13,59.87,68.22,122.05,72.55,126.99,17.84,4.17,3.57,23.95,27.97,172.8,0.58,194.41,44.24,3140.31,232.63,6221.95,"Asia"
2018,"Colombia",35.29,10.13,23.16,29.52,26.68,38.59,50.66,49.34,67.8,121.8,62.47,112.16,18.09,4.18,4.43,23.93,22.58,249.78,0.4,195.11,48.1,5137.02,231.15,3615.71,"South America"
2018,"Macedonia",34.84,6.91,21.37,28.73,23.64,42.55,40.21,59.79,62.73,111.93,82.04,149.19,13.55,3.92,3.73,25.53,26.8,122.45,0.82,NA,NA,NA,NA,NA,"Europe"
2018,"Nigeria",34.65,15.97,25.64,35.8,22.06,19.56,63.12,36.88,NA,NA,85.54,153.33,NA,NA,NA,NA,NA,NA,NA,NA,NA,NA,NA,NA,"Africa"
2018,"Iran",34.56,15.9,25.56,31,27.27,45.6,49.4,50.6,51.22,90.18,81.21,148.73,12.45,6.64,8.02,15.05,12.47,238.61,0.42,225.84,49.46,5995.69,234.69,6993.82,"Asia"
2018,"Sri Lanka",34.32,8.33,21.78,38.38,19.69,29.56,41.75,58.25,77.94,141.66,60.64,104.15,NA,NA,NA,NA,NA,NA,NA,NA,NA,NA,NA,NA,"Asia"
2018,"Kazakhstan",34.25,11.23,23.15,28.06,35.41,40.75,49.15,50.85,NA,NA,73.71,133.61,12.84,6.26,5.95,15.98,16.82,229.86,0.44,NA,NA,NA,NA,NA,"Asia"
2018,"Belarus",34.06,10.58,22.74,27.91,35.76,41.32,26.55,73.45,NA,NA,36,58.48,16,4.98,4.6,20.07,21.72,298.55,0.33,115.23,29.09,75.19,105.59,4514.05,"Europe"
2018,"Mexico",33.56,9.51,21.96,32.18,29.48,58.18,51.05,48.95,68.62,122.68,66.13,114.39,7.8,6.48,6.15,15.44,16.25,97.3,1.03,189.49,42.03,2264.35,226.42,7195.8,"North America"
2018,"Armenia",33.45,8.81,21.57,27.75,31.21,31.78,28.28,71.72,NA,NA,63.55,116.29,13.58,6.66,5.64,15.02,17.74,194.54,0.51,NA,NA,NA,NA,NA,"Asia"
2018,"Moldova",33.1,8.75,21.36,26.64,23.52,29.27,45.66,54.34,NA,NA,NA,NA,14.85,6.44,6.59,15.53,15.17,205.91,0.49,NA,NA,NA,NA,NA,"Europe"
2018,"Uganda",32.67,6.83,20.21,28.32,23.17,21.39,NA,NA,NA,NA,NA,NA,NA,NA,NA,NA,NA,NA,NA,NA,NA,NA,NA,NA,"Africa"
2018,"Nepal",32.62,4.43,19.02,30.18,19.03,25.33,39.51,60.49,NA,NA,84.01,149.43,NA,NA,NA,NA,NA,NA,NA,NA,NA,NA,NA,NA,"Asia"
2018,"Venezuela",32.21,7.62,20.35,33.83,26.7,4,82.59,17.41,39.6,68.16,73.66,130.46,NA,NA,NA,NA,NA,NA,NA,NA,NA,NA,NA,NA,"South America"
2018,"Algeria",32.13,6.05,19.55,33.8,17.6,35.98,50.68,49.32,NA,NA,64.16,112.14,22.23,2.56,2.81,39.14,35.62,184.28,0.54,NA,NA,NA,NA,NA,"Africa"
2018,"Bangladesh",31.99,5.55,19.24,30.25,21.2,39.57,68.52,31.48,44.56,76.47,88.93,160.2,12.46,3.84,3.41,26.06,29.3,161.59,0.62,NA,NA,NA,NA,NA,"Asia"
2018,"Azerbaijan",30.62,9.5,20.43,27.43,30.59,28.71,30.52,69.48,NA,NA,NA,NA,20.12,5.36,5.36,18.67,18.65,227.73,0.44,NA,NA,NA,NA,NA,"Asia"
2018,"Georgia",29.66,9.76,20.06,24.59,29.15,35.5,20.35,79.65,NA,NA,73.43,132.16,12.45,7.2,7.62,13.9,13.13,154.58,0.65,NA,NA,NA,NA,NA,"Asia"
2018,"Kosovo (Disputed Territory)",29.44,8.65,19.41,26.29,20.97,59.23,NA,NA,NA,NA,NA,NA,12.67,3.68,4.89,27.14,20.44,109.4,0.91,NA,NA,NA,NA,NA,"Europe"
2018,"Syria",27.81,5.12,16.87,26.23,22.16,11.32,67.74,32.26,NA,NA,NA,NA,NA,NA,NA,NA,NA,NA,NA,NA,NA,NA,NA,NA,"Asia"
2018,"Tunisia",27.67,5.81,17.13,26.41,17.05,38.23,40.43,59.57,NA,NA,66.16,114.81,13.51,4.22,4.9,23.69,20.4,123.18,0.81,NA,NA,NA,NA,NA,"Africa"
2018,"India",26.88,6.77,17.18,27.46,18.34,79.27,44.16,55.84,67.39,120.97,75.89,133.27,9.73,3.05,3.78,32.78,26.44,112.15,0.89,205.7,46.76,4375.6,240.81,5970.97,"Asia"
2018,"Ukraine",25.98,8.85,17.72,20.38,18.62,30.24,49.39,50.61,50.11,87.37,67.24,117.07,18.21,6.04,6.59,16.57,15.18,387.91,0.26,146.69,38.5,1219.66,139.23,3778.55,"Europe"
2018,"Egypt",25.69,5.07,15.75,23.01,21.02,24.67,53.72,46.28,44.42,76.45,87.64,156.56,12.68,6.92,6.71,14.46,14.9,207.7,0.48,221.38,46.69,4334.53,279.85,8487.57,"Africa"
2018,"Pakistan",25.08,5.29,15.54,23.81,19.02,41.11,51.23,48.77,57.47,101.05,77.5,136.34,12.48,4.43,4.11,22.55,24.32,159.56,0.63,170.09,41.55,2099.24,207.29,4667.59,"Asia"
2019,"Switzerland",121.16,50.25,87.11,120.81,123.09,129.7,21.5,78.5,72.68,137.01,22.03,35.61,9.63,2.83,3.18,35.29,31.42,56,1.79,90.28,29.05,73.9,98.73,1822.8,"Europe"
2019,"Iceland",101.86,48.28,76.13,92.1,111.85,91.8,23.28,76.72,66.44,121.02,15.24,26.81,6.58,6.83,7.37,14.65,13.57,58.03,1.72,92.95,19.74,19.74,74.23,3618.09,"Europe"
2019,"Norway",100.99,37.28,70.4,92.67,111.53,103.61,35.32,64.68,74.14,135.36,19.86,32.5,8.4,3.81,4.31,26.21,23.18,54.15,1.85,94.54,27.12,34.86,115.65,2576.96,"Europe"
2019,"Bahamas",92.4,33.49,64.11,76.97,99.92,57.01,NA,NA,NA,NA,NA,NA,NA,NA,NA,NA,NA,NA,NA,NA,NA,NA,NA,NA,"North America"
2019,"Luxembourg",86.09,55.64,71.47,75.1,96.08,106.26,29.07,70.93,NA,NA,22.61,33.95,11.64,3.98,4.22,25.11,23.71,70.38,1.42,NA,NA,NA,NA,NA,"Europe"
2019,"Japan",83.33,27.97,56.75,83.58,48.75,103.12,13.73,86.27,80.4,146.82,37.08,59.41,11.25,2.48,3.07,40.25,32.61,64.15,1.56,134.54,40.03,1622.13,141.63,1792.28,"Asia"
2019,"Denmark",81.38,32.91,58.11,63.62,95.14,114.39,24.25,75.75,79.41,146.57,22.14,33.98,6.93,4.46,4.88,22.43,20.49,42.54,2.35,87.1,28.51,58.95,110.57,1631.47,"Europe"
2019,"Hong Kong",78.14,76.83,77.51,80.3,56.08,69.34,19.32,80.68,67.35,122.11,66.39,118.19,49.42,1.84,1.86,54.47,53.79,310.55,0.32,137.47,41,1916.59,145.78,1650.02,"Asia"
2019,"South Korea",76.93,22.23,50.66,89.7,44.84,103.4,34.05,65.95,84.51,155.06,54.19,98.1,17.58,1.36,1.74,73.68,57.61,122.07,0.82,145.57,40.02,1618.91,153.22,2802.76,"Asia"
2019,"Ireland",75.35,41.8,59.24,59.1,82.65,95.09,44.52,55.48,48.58,87.46,31.12,52,7.9,5.51,7.16,18.13,13.96,56.55,1.77,139.08,35.85,687.61,166.27,4111.63,"Europe"
2019,"France",74.85,26.25,51.51,68.31,75.37,91.55,46.39,53.61,78.55,143.94,42.7,71.32,12.85,2.55,3.13,39.18,31.91,76.33,1.31,128.21,35.27,596.62,129.13,3266.3,"Europe"
2019,"Netherlands",74.83,34.74,55.58,58.8,83.49,102.54,28.57,71.43,77.81,142.09,27.45,45.05,7.38,5.24,5.81,19.09,17.21,46.93,2.13,107.4,29.87,103.74,176.67,2921.87,"Europe"
2019,"Israel",74.28,29.42,52.74,61.92,80.83,92.48,32.16,67.84,73.44,134.36,57.25,101.22,13.98,2.67,3.11,37.47,32.11,97.11,1.03,150.55,36.32,768.08,164.69,5430.17,"Asia"
2019,"Belgium",72.97,25.81,50.32,60.86,83.4,95.09,42.46,57.54,79.44,145.3,49.89,84.6,7.18,5.04,5,19.85,20.02,44.12,2.27,136.15,34.86,537.96,160.68,4279.41,"Europe"
2019,"Finland",72.82,26.14,50.4,60.02,77.91,112.3,22.8,77.2,73.49,133.32,11.93,21,7.98,3.48,4.37,28.75,22.9,46.1,2.17,94.01,30.41,128.6,83.28,1860.6,"Europe"
2019,"New Zealand",72.62,31.64,52.94,65.71,68.78,101.09,39.55,60.45,73.62,133.67,22.74,38.73,8.34,4.56,4.9,21.95,20.4,65.2,1.53,129.21,31.19,172.87,161.61,5207.49,"Oceania"
2019,"Australia",72.08,35.5,54.52,66.9,70.69,122.85,42.76,57.24,76.38,139.07,23.97,38.67,7.6,4.62,4.78,21.67,20.94,57.42,1.74,146.93,35.29,600.16,174.22,5467.89,"Oceania"
2019,"Austria",71.79,27.63,50.58,65.63,70.08,96.7,21.37,78.63,79.19,145.27,21.97,36.01,10.14,3.43,3.9,29.14,25.63,62.11,1.61,78.08,25.15,25.16,73.47,1547.64,"Europe"
2019,"Sweden",71.55,26.05,49.7,63.45,75.04,111.38,49.35,50.65,70.95,130.34,18.01,28.74,10.26,2.78,3.5,35.91,28.57,67.78,1.48,101.79,30.29,123,131.76,2394.14,"Europe"
2019,"United States",69.91,38.98,55.06,67.44,69.33,122.03,47.13,52.87,69.41,127.73,33.95,56.49,3.58,10.4,11.24,9.61,8.9,26.81,3.73,149.66,32.87,305.42,199.84,7254.78,"North America"
2019,"Singapore",69.79,53.1,61.77,57.48,46.75,103.77,21.47,78.53,70.3,130.73,32.29,54.68,21.56,2.37,2.7,42.13,37,133.06,0.75,154.36,42.15,2306.35,165.18,2635.37,"Asia"
2019,"Italy",69.25,21.68,46.4,58.34,75.72,77.49,45.02,54.98,67.14,121.79,53.75,90.89,9.97,3.68,4.49,27.19,22.29,62.16,1.61,135.37,34.69,514.52,156.98,4286.32,"Europe"
2019,"Germany",67.62,26.85,48.04,54.27,63.56,116.2,34.51,65.49,74.32,135.49,28.01,44.75,9.02,3.34,3.58,29.94,27.95,54.17,1.85,98.09,29.91,105.71,114.59,2226.46,"Europe"
2019,"United Kingdom",65.28,28.6,47.66,51.85,72.37,105.73,42.72,57.28,74.71,137,39.43,64.81,9.16,3.97,4.3,25.18,23.27,62.25,1.61,133.25,34.62,505.32,161.45,4025.59,"Europe"
2019,"Canada",65.01,28.32,47.39,62.37,61.81,109.44,39.51,60.49,70.99,130.34,27.85,45.65,7.66,4.36,5.25,22.92,19.03,53.26,1.88,140.03,33.77,399.42,175.39,5334,"North America"
2019,"Puerto Rico",63.84,17.96,41.81,61.66,54.82,98.39,65.53,34.47,54,98.66,49.18,84.6,NA,NA,NA,NA,NA,NA,NA,NA,NA,NA,NA,NA,"North America"
2019,"Malta",63.32,28.68,46.69,51.23,67.28,59.67,33.53,66.47,NA,NA,73.75,129.25,10.82,5.78,7.1,17.3,14.09,76.02,1.32,NA,NA,NA,NA,NA,"Europe"
2019,"Taiwan",59.84,23.37,42.33,69.61,26.88,56.36,17.38,82.62,86.22,158.61,63.47,110.59,28.91,1.97,2.38,50.65,41.99,174.62,0.57,112.45,30.9,155.2,135.76,3299.82,"Asia"
2019,"Qatar",59.09,46.56,53.07,47.72,61.95,138.29,13.26,86.74,72.41,131.39,66.48,117.57,5.74,6.96,7.27,14.37,13.76,44.29,2.26,147.86,31.71,208.3,155.43,7965.31,"Asia"
2019,"Jamaica",58.8,14.74,37.64,58.84,42.26,34.69,65.28,34.72,NA,NA,71.13,124.87,NA,NA,NA,NA,NA,NA,NA,NA,NA,NA,NA,NA,"North America"
2019,"Lebanon",58.06,26.92,43.11,43.28,56.79,53.97,44.27,55.73,65.9,122.48,87.39,155.98,13.44,5.06,6.32,19.77,15.83,117.78,0.85,176.09,37.36,966.3,200.86,8737.07,"Asia"
2019,"Uruguay",57.31,16.21,37.57,45.11,56.28,47.77,52.01,47.99,64.29,115.87,46.63,82.54,13.99,4.25,4.2,23.54,23.8,143.83,0.7,NA,NA,NA,NA,NA,"South America"
2019,"Bahrain",56.71,29.56,43.67,51.16,52.21,74.61,32.87,67.13,NA,NA,73.33,132.98,NA,NA,NA,NA,NA,NA,NA,NA,NA,NA,NA,NA,"Asia"
2019,"Greece",56.66,10.8,34.64,43.69,54.76,49.57,38.57,61.43,55.16,97.42,51.86,90.5,9.84,4.27,4.16,23.45,24.02,76.93,1.3,124.32,32.2,245.9,139.33,4177.56,"Europe"
2019,"United Arab Emirates",56.16,40.98,48.87,43.16,53.88,119.6,16.32,83.68,67.99,125.47,53.11,90.82,4.4,10.24,10.68,9.77,9.36,31.52,3.17,176.95,37.46,987.59,259.31,8457.1,"Asia"
2019,"Cyprus",55.57,20.23,38.6,44.32,59.76,75.29,29.31,70.69,50.17,86.44,53.75,90.85,7.17,6.22,6.72,16.07,14.89,50.91,1.96,90.08,20.27,20.27,60.39,3310.09,"Asia"
2019,"Jordan",54.98,11.87,34.28,44.43,52.28,41.73,43.82,56.18,66.12,119.6,80.39,142.27,7.67,6.75,7.75,14.81,12.91,76.66,1.3,199.12,42.43,2408.89,222.13,8594.71,"Asia"
2019,"Spain",54.7,20.73,38.39,44.02,54.13,83.8,32.46,67.54,77.77,143.15,39.36,64.68,9.21,4.39,5.09,22.76,19.64,57.96,1.73,108.12,29.42,86.18,123.49,3399.99,"Europe"
2019,"Slovenia",52.51,15.36,34.67,43.27,43.83,75.38,22.57,77.43,62.81,115.44,24.33,43.03,10.16,3.76,3.87,26.58,25.81,69.99,1.43,97.65,24.81,24.81,132,3177.34,"Europe"
2019,"Mauritius",52.44,11.53,32.8,47.89,39.14,39.77,46.81,53.19,NA,NA,58.48,100.39,NA,NA,NA,NA,NA,NA,NA,NA,NA,NA,NA,NA,"Africa"
2019,"Myanmar",52.38,24.72,39.09,54.76,20.24,13.98,NA,NA,NA,NA,92.25,168.03,NA,NA,NA,NA,NA,NA,NA,NA,NA,NA,NA,NA,"Asia"
2019,"Trinidad And Tobago",52.07,17.13,35.29,50,46,56.97,74.04,25.96,NA,NA,66.96,115.79,NA,NA,NA,NA,NA,NA,NA,NA,NA,NA,NA,NA,"North America"
2019,"Zimbabwe",51.57,11.67,32.41,45.74,36.81,27.65,51.8,48.2,NA,NA,70.99,125.59,NA,NA,NA,NA,NA,NA,NA,NA,NA,NA,NA,NA,"Africa"
2019,"Kuwait",51.48,32.94,42.58,39.88,47.35,102.01,33.91,66.09,56.33,101.44,71.6,126.94,NA,NA,NA,NA,NA,NA,NA,161.48,34.82,532.44,183.91,8104.67,"Asia"
2019,"Panama",51.45,24.63,38.57,48.21,47.06,41.34,46.43,53.57,61.41,109.15,62,109.33,12.67,8.08,7.85,12.38,12.74,101.36,0.99,166.66,36.48,796.29,182.13,7826.65,"North America"
2019,"Ghana",51.13,31.57,41.74,44.76,31.74,18.7,51.95,48.05,NA,NA,NA,NA,NA,NA,NA,NA,NA,NA,NA,NA,NA,NA,NA,NA,"Africa"
2019,"Estonia",51.01,15.38,33.9,37.06,51.24,75.97,20.8,79.2,72.12,131.83,18.15,30.43,9.31,4.19,4.32,23.88,23.16,59.98,1.67,83.54,25.75,26.2,117.32,1751.07,"Europe"
2019,"Fiji",50.93,22.7,37.38,57.63,36.46,35.44,NA,NA,NA,NA,NA,NA,NA,NA,NA,NA,NA,NA,NA,NA,NA,NA,NA,NA,"Oceania"
2019,"Costa Rica",50.89,15.48,33.89,47.91,42.58,47.13,56.05,43.95,62.56,112.32,50.21,87.05,9.31,6.92,6.62,14.46,15.11,104.61,0.96,NA,NA,NA,NA,NA,"North America"
2019,"Portugal",50.39,21.07,36.31,40.2,43.13,55.19,32.13,67.87,70.72,128.33,31.58,51.43,12.71,4.94,6.34,20.23,15.77,81.02,1.23,109.89,29.02,72.77,117.93,3780.29,"Europe"
2019,"Palestinian Territory",50.2,9,30.41,43.9,37.33,57.17,36.99,63.01,NA,NA,NA,NA,5.42,5.88,6.56,17,15.24,53.58,1.87,NA,NA,NA,NA,NA,"Asia"
2019,"Belize",49.45,8.81,29.93,42.86,36.66,70.85,NA,NA,NA,NA,NA,NA,NA,NA,NA,NA,NA,NA,NA,NA,NA,NA,NA,NA,"North America"
2019,"Latvia",49.23,12.02,31.36,36.65,45.47,55.16,36.77,63.23,59.71,107.04,34.96,56.68,9.35,4.68,5.32,21.37,18.81,60.37,1.66,120.01,31.45,189.92,124.73,4046.96,"Europe"
2019,"Croatia",49.18,11.6,31.13,40.33,40.36,60.33,24.69,75.31,64.14,117.76,31.03,50.66,11.63,3.47,3.57,28.85,28.02,89.94,1.11,105.79,29.11,75.74,104.24,3337.56,"Europe"
2019,"Chile",47.73,15.22,32.12,40.55,45.15,54.13,46.81,53.19,65.5,118.91,65.54,120.58,13.51,4.28,4.18,23.37,23.95,98.89,1.01,136,36.79,854.71,120.66,3479.48,"South America"
2019,"Saudi Arabia",47.61,11.4,30.22,39.06,30.93,118.59,29.73,70.27,59.07,105.25,67.26,118.24,2.89,6.8,7.71,14.7,12.97,20.64,4.85,135.35,29.61,93.13,157.42,6979.84,"Asia"
2019,"Thailand",47.54,17.71,33.21,50,24.63,40.86,46.66,53.34,79.06,144.26,72.21,126.13,21.94,3.52,3.66,28.43,27.34,182.02,0.55,178.43,39.4,1447.44,226.43,7385.83,"Asia"
2019,"Cambodia",46.8,14.44,31.26,44.15,24.44,12.46,51.28,48.72,NA,NA,80.03,141.86,NA,NA,NA,NA,NA,NA,NA,NA,NA,NA,NA,NA,"Asia"
2019,"Oman",46.2,19.89,33.57,40.02,44.41,88.47,22.83,77.17,NA,NA,39.51,64.12,NA,NA,NA,NA,NA,NA,NA,115.93,21.51,21.51,246.5,5487.2,"Asia"
2019,"El Salvador",46.11,14.19,30.78,45.57,35.55,30.09,68.08,31.92,NA,NA,NA,NA,NA,NA,NA,NA,NA,NA,NA,NA,NA,NA,NA,NA,"North America"
2019,"Lithuania",45.91,12.9,30.06,35.36,43.95,60.34,36.51,63.49,67.58,122.06,30.84,50.41,11.11,4.18,4.39,23.9,22.76,68.45,1.46,99.6,27.15,35.17,93.13,3234.62,"Europe"
2019,"Nicaragua",45.83,9.54,28.4,46.36,31.14,24.52,NA,NA,NA,NA,NA,NA,NA,NA,NA,NA,NA,NA,NA,NA,NA,NA,NA,NA,"North America"
2019,"Czech Republic",45.12,18.27,32.23,38.08,33.25,71.32,26.66,73.34,74.71,137.23,40.96,69.06,15.17,3.3,3.72,30.28,26.86,96.35,1.04,94.93,30.02,110.22,75.95,2088.68,"Europe"
2019,"Slovakia",44.98,16.13,31.13,38.5,33.64,63.24,29.54,70.46,60.06,108.38,41.89,70.72,10.27,5.41,5.26,18.48,18.99,61.49,1.63,104.58,29.58,92.17,191.57,2658.3,"Europe"
2019,"Dominican Republic",44.92,10.21,28.25,35.68,42.43,26.02,61.35,38.65,NA,NA,77.43,136.22,13.66,6.3,6.88,15.87,14.54,194.73,0.51,NA,NA,NA,NA,NA,"North America"
2019,"Namibia",43.22,17.46,30.85,39.92,38.59,63.6,68.66,31.34,NA,NA,NA,NA,NA,NA,NA,NA,NA,NA,NA,NA,NA,NA,NA,NA,"Africa"
2019,"Brazil",42.8,11.46,27.75,31.3,34.85,37.43,70.24,29.76,54.64,97.02,57.72,98.82,18.72,3.73,3.83,26.84,26.11,219.77,0.46,186.41,43.37,2772.67,207.77,5772.19,"South America"
2019,"South Africa",42.49,16.5,30.01,33.88,40.79,82.97,76.8,23.2,62.56,112.48,56.95,97.14,4.11,9.56,11.16,10.46,8.96,49.15,2.03,196.65,40.33,1709.46,247.37,9850.16,"Africa"
2019,"Honduras",42.1,10.76,27.05,33.57,31.52,35.22,76.84,23.16,NA,NA,NA,NA,NA,NA,NA,NA,NA,NA,NA,NA,NA,NA,NA,NA,"North America"
2019,"Hungary",42.03,13.64,28.4,32.36,33.43,54.66,35.17,64.83,48.24,87.38,46.47,79.89,12.58,4.35,4.98,22.98,20.09,105.18,0.95,123.85,35.17,581.8,130.57,2823.4,"Europe"
2019,"Ecuador",41.98,11.61,27.4,37.87,29.43,40.84,48.98,51.02,72.47,130.5,56.89,96.96,13.11,5.43,5.02,18.42,19.92,161.92,0.62,NA,NA,NA,NA,NA,"South America"
2019,"Guatemala",41.74,13.93,28.39,38.02,32.28,41.79,55.92,44.08,NA,NA,NA,NA,11.37,6.28,7.46,15.91,13.4,115.07,0.87,NA,NA,NA,NA,NA,"North America"
2019,"Cuba",40.5,8.11,24.95,34.3,28.29,2.47,NA,NA,NA,NA,NA,NA,NA,NA,NA,NA,NA,NA,NA,NA,NA,NA,NA,NA,"North America"
2019,"Iraq",39.62,11.46,26.1,34.1,31.85,47.61,45.56,54.44,NA,NA,79.32,140.01,9,6.29,7.4,15.89,13.52,110.56,0.9,NA,NA,NA,NA,NA,"Asia"
2019,"Montenegro",39.61,9.95,25.37,30.75,34.25,46.28,40.48,59.52,NA,NA,45.23,76.9,13.69,4.11,4.13,24.35,24.19,119.83,0.83,NA,NA,NA,NA,NA,"Europe"
2019,"Malaysia",39.38,10.92,25.71,39.7,22.75,73.14,60.79,39.21,67.61,121.63,63.74,109.25,9.77,3.84,3.99,26.06,25.04,74.4,1.34,159.4,35.25,594.48,175.03,7488.77,"Asia"
2019,"China",39.24,17.36,28.73,39.93,28.18,68.95,45.46,54.54,64.03,114.89,81.91,148.92,29.09,1.83,2.01,54.51,49.85,231.33,0.43,165.27,42.46,2419.16,169.12,3675.44,"Asia"
2019,"Poland",39.13,14.92,27.5,30.66,32.72,70,30.09,69.91,62.15,111.65,52.38,92.97,10.27,4.85,5.18,20.6,19.29,73.58,1.36,112.3,32.15,242.26,102.03,2968.09,"Europe"
2019,"Kenya",38.21,10.05,24.69,33.23,31.22,32.46,54.82,45.18,NA,NA,72.96,129.16,NA,NA,NA,NA,NA,NA,NA,NA,NA,NA,NA,NA,"Africa"
2019,"Vietnam",37.7,13.1,25.88,37.87,18.89,33.33,48.78,51.22,54.54,94.51,87.13,156.2,19.66,4.45,5.76,22.47,17.36,209.4,0.48,105.18,28.33,54.72,109.43,3479.98,"Asia"
2019,"Bulgaria",37.17,9.15,23.72,31.15,29.86,52.18,40,60,54.04,95.6,63.98,115.84,8.72,5.25,5.88,19.05,17.02,65.34,1.53,98.58,28.79,66.14,88.72,2729.49,"Europe"
2019,"Peru",37.17,11.96,25.06,32.69,23.68,37.47,65.28,34.72,54.97,97.17,83.8,149.76,16,4.83,5.67,20.71,17.64,186.89,0.54,NA,NA,NA,NA,NA,"South America"
2019,"Romania",36.45,10,23.75,29.88,32.26,61.16,27.84,72.16,54.49,95.83,55.39,93.6,10.15,4.41,4.55,22.66,21.99,72.83,1.37,126.84,34.36,470.73,128.03,3537.39,"Europe"
2019,"Indonesia",36.24,8.43,22.88,38.14,18.02,32.95,46.01,53.99,61.98,110.23,62.78,107.43,13.81,5.06,5.11,19.75,19.55,143.25,0.7,193.19,42.93,2598.1,249.49,6971.18,"Asia"
2019,"Albania",36.17,8.21,22.74,28.59,29.34,33.81,40.3,59.7,NA,NA,77.07,135.22,15.2,4.28,5.27,23.37,18.99,128.83,0.78,NA,NA,NA,NA,NA,"Europe"
2019,"Iran",35.8,16.92,26.73,32.63,26.88,37.74,49.33,50.67,51.18,89.37,79.35,145.47,16.87,5.82,7.06,17.2,14.16,335.16,0.3,221.53,48.38,5306.47,231.32,7241.9,"Asia"
2019,"Bosnia And Herzegovina",35.72,6.32,21.6,28.81,23.78,49.18,43.79,56.21,53.2,95.05,63.47,113.34,12.28,3.23,3.12,30.97,32.02,100.31,1,92.76,26.43,29.05,69.82,2765.78,"Europe"
2019,"Russia",35.52,12.68,24.55,29.18,37,45.38,41.93,58.07,57.63,101.62,62.8,108.07,12.39,5.86,6.01,17.07,16.63,149.15,0.67,188.73,46,3975.77,192.17,4331.5,"Europe"
2019,"Serbia",35.39,8.08,22.27,26.3,27.84,39.9,37.27,62.73,52.56,94.84,58.86,101.4,18.62,3.04,3.31,32.94,30.2,133.07,0.75,103.55,29.74,98.42,113.47,2834.61,"Europe"
2019,"Turkey",35.21,7.23,21.78,30.45,23.65,45.33,40.38,59.62,69.36,124.63,69.15,121.22,9.26,4.9,5.74,20.4,17.42,185.44,0.54,195.5,44.77,3378.12,215.11,6075.73,"Asia"
2019,"Philippines",35.09,8.09,22.12,32.61,19.67,29.46,40.83,59.17,65.87,117.36,74.47,130.9,21.83,3.51,3.74,28.48,26.75,206.69,0.48,196.62,44.15,3099.88,243.43,6591.69,"Asia"
2019,"Tanzania",34.74,16.03,25.76,28.59,25.15,22.71,59.01,40.99,NA,NA,64.5,113.22,NA,NA,NA,NA,NA,NA,NA,NA,NA,NA,NA,NA,"Africa"
2019,"Bolivia",34.37,10.88,23.09,26.9,27.96,44.05,53.29,46.71,NA,NA,NA,NA,10.12,6.49,7.13,15.41,14.03,94.22,1.06,NA,NA,NA,NA,NA,"South America"
2019,"Morocco",33.98,9.48,22.21,29.85,23.85,41.4,50.24,49.76,36.87,61.13,65.71,113.93,14.71,4.61,4.45,21.71,22.48,122.95,0.81,NA,NA,NA,NA,NA,"Africa"
2019,"Belarus",33.12,9.96,22,27.77,35.98,44.64,23.53,76.47,58.01,103.5,40.97,67.62,14.27,4.77,4.55,20.96,21.96,212.6,0.47,109.79,28.78,65.85,92.89,4002.28,"Europe"
2019,"Argentina",33.09,9.48,21.75,26.25,32.5,55,62.55,37.45,69.39,126.2,52.35,89.18,19.02,2.57,2.85,38.89,35.14,566.2,0.18,175.61,43.04,2642.39,190.99,4535.53,"South America"
2019,"Mexico",32.71,10.06,21.83,30.3,30.23,49.98,52.3,47.7,69.72,124.92,66.02,113.99,10.19,5.67,5.82,17.65,17.18,126.57,0.79,175.22,39.08,1365.36,208.75,7180.92,"North America"
2019,"Armenia",32.51,9.9,21.65,25.77,32.53,33.06,22,78,NA,NA,61.55,111.54,14.09,6.38,6.31,15.67,15.85,187.15,0.53,NA,NA,NA,NA,NA,"Asia"
2019,"Paraguay",32.27,9.38,21.28,26.03,25.75,35.57,NA,NA,NA,NA,NA,NA,NA,NA,NA,NA,NA,NA,NA,NA,NA,NA,NA,NA,"South America"
2019,"Moldova",32.26,7.97,20.6,24.97,27.71,30.75,45.45,54.55,NA,NA,NA,NA,13.83,5.66,6.39,17.68,15.66,183.14,0.55,NA,NA,NA,NA,NA,"Europe"
2019,"Bangladesh",31.83,5.44,19.16,29.52,18.97,39.82,65.82,34.18,40.33,68.51,88.3,158.96,12.33,3.33,3.82,30,26.15,153.78,0.65,NA,NA,NA,NA,NA,"Asia"
2019,"Macedonia",31.58,6.47,19.52,24.85,23.67,39.83,39.29,60.71,58.98,105.41,80.85,147.31,13.65,4.03,4.02,24.79,24.85,120.31,0.83,96.09,27.94,46.62,102.06,2623.36,"Europe"
2019,"Nigeria",31.25,28.97,30.15,31.76,19.2,15.13,64.41,35.59,55.33,97.48,87.37,156.5,NA,NA,NA,NA,NA,NA,NA,NA,NA,NA,NA,NA,"Africa"
2019,"Algeria",30.56,5.51,18.53,32,16.38,32.93,48.33,51.67,54.12,100.22,64.69,113.12,21.22,2.71,3.02,36.84,33.1,180.38,0.55,NA,NA,NA,NA,NA,"Africa"
2019,"Uganda",30.25,8.51,19.81,26.09,21.9,22.72,53.27,46.73,NA,NA,NA,NA,NA,NA,NA,NA,NA,NA,NA,NA,NA,NA,NA,NA,"Africa"
2019,"Sri Lanka",30.24,7.57,19.36,33.57,17.36,27.34,41.03,58.97,72.3,130.37,57.69,98.43,26.32,3.41,3.25,29.35,30.77,403.42,0.25,233.57,51.9,7753.05,281.56,5903.18,"Asia"
2019,"Colombia",30.15,9.17,20.07,24.33,22.46,34.66,51.26,48.74,67.51,121.14,61.74,110.82,18.85,4.43,4.75,22.57,21.06,253.32,0.39,182.8,45.06,3511.2,197.03,4153.8,"South America"
2019,"Kazakhstan",29.83,9.78,20.2,23.75,29.83,38.83,66.51,33.49,51.27,90.97,74.25,135.31,11.51,7.22,6.52,13.85,15.34,203.22,0.49,109.17,29.75,98.84,88.3,3609.22,"Asia"
2019,"Nepal",29.63,4.6,17.61,25.4,19.74,26.28,36.44,63.56,57.03,99.85,84.98,151.46,25.15,2.38,2.87,41.99,34.86,325.46,0.31,NA,NA,NA,NA,NA,"Asia"
2019,"Azerbaijan",29.12,8.72,19.32,24.08,30.67,32.01,31.67,68.33,NA,NA,78.32,137.95,17.22,5.03,5.69,19.89,17.58,178.87,0.56,NA,NA,NA,NA,NA,"Asia"
2019,"Georgia",28.78,8.53,19.05,23.39,27.09,33.19,19.86,80.14,51.29,88.13,72.46,131,12.67,6.63,7.25,15.08,13.79,164.7,0.61,116.99,34.34,468.79,142.4,2407.37,"Asia"
2019,"Ukraine",27.94,9.53,19.1,22.47,22.14,32.72,48.88,51.12,50.95,88.86,66.63,115.57,14.35,6.45,7.6,15.5,13.16,291.44,0.34,140.7,37.36,967.02,125.35,3727.01,"Europe"
2019,"Uzbekistan",27.11,8.27,18.06,23.9,21.14,25.09,NA,NA,NA,NA,NA,NA,NA,NA,NA,NA,NA,NA,NA,NA,NA,NA,NA,NA,"Asia"
2019,"Egypt",26.46,5.01,16.16,23.19,22.26,23.67,50.71,49.29,44.22,75.59,86.48,154.43,13.6,6.06,6.45,16.5,15.51,200.82,0.5,236.87,49.17,5807.05,291.84,8913.49,"Africa"
2019,"Kosovo (Disputed Territory)",26.18,8.05,17.48,23.21,19.57,61.82,NA,NA,NA,NA,NA,NA,11.06,4.13,5.08,24.21,19.68,90.4,1.11,NA,NA,NA,NA,NA,"Europe"
2019,"Venezuela",25.73,5.89,16.2,27.58,21.98,3.71,83.23,16.77,41.24,71.86,73.88,130.79,NA,NA,NA,NA,NA,NA,NA,NA,NA,NA,NA,NA,"South America"
2019,"India",24.17,5.84,15.37,24.2,17.15,66.91,42.72,57.28,68.32,122.95,75.81,133.15,11.33,2.88,3.56,34.7,28.13,125.75,0.8,201.14,45.71,3828.27,235.01,6119.38,"Asia"
2019,"Tunisia",23.69,4.96,14.69,22.27,13.33,37.99,42.29,57.71,59.59,105.36,68.16,118.74,12.27,4.57,4.89,21.86,20.43,115.77,0.86,NA,NA,NA,NA,NA,"Africa"
2019,"Pakistan",20.4,4.5,12.76,18.25,15.42,38.61,46.73,53.27,60.58,107.11,75.89,133.09,14.06,4.11,4,24.3,24.98,184.06,0.54,163.23,38.63,1251.56,185.54,5715.47,"Asia"
2017,"Papua New Guinea",NA,NA,NA,NA,NA,NA,82.38,17.62,NA,NA,NA,NA,NA,NA,NA,NA,NA,NA,NA,NA,NA,NA,NA,NA,"Oceania"
2017,"South Sudan",NA,NA,NA,NA,NA,NA,78.18,21.82,NA,NA,NA,NA,NA,NA,NA,NA,NA,NA,NA,NA,NA,NA,NA,NA,"Africa"
2017,"Afghanistan",NA,NA,NA,NA,NA,NA,73.85,26.15,NA,NA,95.6,174.9,NA,NA,NA,NA,NA,NA,NA,NA,NA,NA,NA,NA,"Asia"
2017,"Angola",NA,NA,NA,NA,NA,NA,65.51,34.49,NA,NA,NA,NA,NA,NA,NA,NA,NA,NA,NA,NA,NA,NA,NA,NA,"Africa"
2017,"Somalia",NA,NA,NA,NA,NA,NA,58.83,41.17,NA,NA,NA,NA,NA,NA,NA,NA,NA,NA,NA,NA,NA,NA,NA,NA,"Africa"
2017,"Botswana",NA,NA,NA,NA,NA,NA,58.22,41.78,NA,NA,NA,NA,NA,NA,NA,NA,NA,NA,NA,NA,NA,NA,NA,NA,"Africa"
2017,"Maldives",NA,NA,NA,NA,NA,NA,46.98,53.02,NA,NA,NA,NA,NA,NA,NA,NA,NA,NA,NA,NA,NA,NA,NA,NA,"Asia"
2017,"Brunei",NA,NA,NA,NA,NA,NA,36.07,63.93,NA,NA,34.01,56.85,NA,NA,NA,NA,NA,NA,NA,NA,NA,NA,NA,NA,"Asia"
2017,"Sudan",NA,NA,NA,NA,NA,NA,35.05,64.95,NA,NA,NA,NA,NA,NA,NA,NA,NA,NA,NA,NA,NA,NA,NA,NA,"Africa"
2018,"Papua New Guinea",NA,NA,NA,NA,NA,NA,79.95,20.05,NA,NA,NA,NA,NA,NA,NA,NA,NA,NA,NA,NA,NA,NA,NA,NA,"Oceania"
2018,"Namibia",NA,NA,NA,NA,NA,NA,68.22,31.78,NA,NA,NA,NA,NA,NA,NA,NA,NA,NA,NA,NA,NA,NA,NA,NA,"Africa"
2018,"Mongolia",NA,NA,NA,NA,NA,NA,62.56,37.44,NA,NA,92.65,170.25,NA,NA,NA,NA,NA,NA,NA,NA,NA,NA,NA,NA,"Asia"
2018,"Libya",NA,NA,NA,NA,NA,NA,56.74,43.26,NA,NA,NA,NA,NA,NA,NA,NA,NA,NA,NA,NA,NA,NA,NA,NA,"Africa"
2018,"Maldives",NA,NA,NA,NA,NA,NA,51.7,48.3,NA,NA,NA,NA,NA,NA,NA,NA,NA,NA,NA,NA,NA,NA,NA,NA,"Asia"
2019,"Papua New Guinea",NA,NA,NA,NA,NA,NA,79.88,20.12,NA,NA,NA,NA,NA,NA,NA,NA,NA,NA,NA,NA,NA,NA,NA,NA,"Oceania"
2019,"Afghanistan",NA,NA,NA,NA,NA,NA,76.63,23.37,NA,NA,91.91,165.57,NA,NA,NA,NA,NA,NA,NA,NA,NA,NA,NA,NA,"Asia"
2019,"Syria",NA,NA,NA,NA,NA,NA,63.59,36.41,NA,NA,NA,NA,NA,NA,NA,NA,NA,NA,NA,NA,NA,NA,NA,NA,"Asia"
2019,"Somalia",NA,NA,NA,NA,NA,NA,60.1,39.9,NA,NA,NA,NA,NA,NA,NA,NA,NA,NA,NA,NA,NA,NA,NA,NA,"Africa"
2019,"Mongolia",NA,NA,NA,NA,NA,NA,59.76,40.24,NA,NA,93.06,170.75,NA,NA,NA,NA,NA,NA,NA,NA,NA,NA,NA,NA,"Asia"
2019,"Libya",NA,NA,NA,NA,NA,NA,59.18,40.82,NA,NA,NA,NA,NA,NA,NA,NA,NA,NA,NA,NA,NA,NA,NA,NA,"Africa"
2019,"Maldives",NA,NA,NA,NA,NA,NA,53.29,46.71,NA,NA,NA,NA,NA,NA,NA,NA,NA,NA,NA,NA,NA,NA,NA,NA,"Asia"
2019,"Ethiopia",NA,NA,NA,NA,NA,NA,47.18,52.82,NA,NA,80.44,142.03,NA,NA,NA,NA,NA,NA,NA,NA,NA,NA,NA,NA,"Africa"
2017,"Myanmar",NA,NA,NA,NA,NA,NA,NA,NA,NA,NA,91.37,169.54,NA,NA,NA,NA,NA,NA,NA,NA,NA,NA,NA,NA,"Asia"
2017,"Cameroon",NA,NA,NA,NA,NA,NA,NA,NA,NA,NA,85.13,154.1,NA,NA,NA,NA,NA,NA,NA,NA,NA,NA,NA,NA,"Africa"
2017,"Monaco",NA,NA,NA,NA,NA,NA,NA,NA,NA,NA,84.47,154.52,NA,NA,NA,NA,NA,NA,NA,NA,NA,NA,NA,NA,"Europe"
2018,"Myanmar",NA,NA,NA,NA,NA,NA,NA,NA,NA,NA,93.03,170.73,NA,NA,NA,NA,NA,NA,NA,NA,NA,NA,NA,NA,"Asia"
2018,"Afghanistan",NA,NA,NA,NA,NA,NA,NA,NA,NA,NA,92.65,167.49,NA,NA,NA,NA,NA,NA,NA,NA,NA,NA,NA,NA,"Asia"
2018,"Monaco",NA,NA,NA,NA,NA,NA,NA,NA,NA,NA,83.71,153.55,NA,NA,NA,NA,NA,NA,NA,NA,NA,NA,NA,NA,"Europe"
2019,"Monaco",NA,NA,NA,NA,NA,NA,NA,NA,NA,NA,84.74,156.08,NA,NA,NA,NA,NA,NA,NA,NA,NA,NA,NA,NA,"Europe"
