"Year","Country","CostOfLiving","Rent","LocalPurchasingPower","GrossRentalYieldCityCentre","GrossRentalYieldOutsideOfCentre","MortgageAsAPercentageOfIncome","Crime","HealthCare","Pollution","Traffic","Time","CO2Emission","Continent"
2012,"Norway",151.34,55.5,92.62,4.18,4.35,55.86,19.07,79.04,19.22,43.38,18.5,1291.33,"Europe"
2012,"Switzerland",141.31,58.51,127.45,3.55,4,43.73,25.78,79.51,35.49,68.55,30.88,1577.5,"Europe"
2012,"Japan",134.23,54.22,79.94,2.11,2.15,111.14,5.75,96.11,52.5,133.75,46.5,640,"Asia"
2012,"Australia",122.96,58.85,109.5,5.02,5.11,65.53,40.62,79.11,37.25,107.15,37.09,4455.94,"Oceania"
2012,"Denmark",116.52,41.31,101.98,4.02,4.84,43.41,45.31,89.81,34.17,81.9,31,4900,"Europe"
2012,"Belgium",108.68,35.02,90.44,5.02,5.06,47.03,40.62,82.22,88.33,63.99,21.5,4721.5,"Europe"
2012,"Ireland",107.77,38.12,89.6,5.09,6.55,48.66,46.07,41.06,45.17,18.42,11.67,66.67,"Europe"
2012,"Netherlands",104.5,41.15,95.17,5.41,5.71,47.74,28.4,70.37,41.67,57.06,26.83,1650,"Europe"
2012,"Sweden",101.86,29.36,100.7,2.78,3.31,59.84,36.24,86.76,32.5,54.57,23,2440,"Europe"
2012,"New Zealand",101.65,31.75,85.36,5.7,5.27,50.31,46.81,86.81,17.08,62.25,25.25,3391.5,"Oceania"
2012,"United Kingdom",100.13,37.85,88.35,4.96,5.63,51.86,46.04,76.04,64.43,146.29,44.17,4379.44,"Europe"
2012,"France",98.19,35.91,92.68,2.89,3.16,77.98,44.76,80.74,61.82,50.91,29,297.5,"Europe"
2012,"Canada",98.04,38.35,108.18,5.6,6.14,38.59,39.82,71.99,41.59,126.19,40.44,5210.46,"North America"
2012,"Singapore",96.08,90.69,93.29,3.53,4.61,106.28,20.21,58.97,70.83,274.66,66.25,7592.5,"Asia"
2012,"Israel",95.45,32.05,75.01,3.34,4.74,71.36,40.78,91.67,48.75,162.28,46.6,7709,"Asia"
2012,"Austria",94.84,34.34,98.31,4.2,4.38,53.24,44.08,83.18,42.84,60.44,23,3203.33,"Europe"
2012,"Italy",94.82,34.3,68.59,3.33,4.09,92.81,56.67,67.77,85.48,106.94,37.81,3863.43,"Europe"
2012,"Saudi Arabia",93.42,18.02,82.11,5.84,6.12,32.22,32.48,40.74,112.5,53.91,15.75,4189.5,"Asia"
2012,"Greece",93.09,18.9,48.31,3.41,3.64,85.7,52.03,51.76,87.77,110.19,38.22,3981.41,"Europe"
2012,"Germany",88.55,28.94,114.37,4.24,4.87,38.36,21.2,71.96,45.14,80.77,33.12,2238.12,"Europe"
2012,"Brazil",83.71,25.62,32.8,5.54,5.84,161.54,59.26,59.09,82.92,75.96,30,4127.25,"South America"
2012,"United States",83.06,37.42,116.48,10.04,11.81,22.83,64.93,65.52,61.27,108.87,36.36,6098.77,"North America"
2012,"United Arab Emirates",81.96,66.92,125.87,8.54,10.18,53.79,35.95,63.89,69.17,57.64,17,4344.67,"Asia"
2012,"Spain",80.24,27.3,88.01,3.09,3.7,70.08,32.96,69.92,85.62,66.87,26.45,4330,"Europe"
2012,"South Africa",75.64,25.36,92.47,9.48,9.26,34.8,78.12,59.54,88.96,108.92,34.5,9177,"Africa"
2012,"Slovenia",74.34,25.73,57.92,3.25,3.57,119.65,35.71,82.87,35,51.27,24.67,1650,"Europe"
2012,"Portugal",70.76,23,56.05,6.11,6.69,55.39,40.64,69.96,51.91,63.31,28,2585.43,"Europe"
2012,"Croatia",67.54,13.94,50.14,2.92,3.25,112.21,32.42,65,49.94,102.96,37,3244.5,"Europe"
2012,"Chile",67.39,19.79,47.11,5.46,5.88,75.46,56.35,59.26,103.75,122.58,41.62,3222.75,"South America"
2012,"Turkey",65.26,15.51,52.57,6.88,7.89,72.42,26.38,69.97,89.23,188.72,54.22,2944.44,"Asia"
2012,"Russia",64.85,23.81,43.86,4.83,4.97,199.68,50.57,35.52,104.67,163.1,47.83,5970.67,"Europe"
2012,"Argentina",63.13,19.21,41.71,5.18,5.06,255.32,48.38,76.74,90,153,45.4,6696,"South America"
2012,"Czech Republic",61.44,21.28,61.95,4.19,4.38,78.43,36.59,65,65.99,62.61,28.67,2193.5,"Europe"
2012,"Colombia",59.99,16.59,29.28,5.73,6.14,196.43,47.21,88.89,91.46,137.83,44,2934,"South America"
2012,"Hungary",59.65,12.67,36.81,4.38,4.36,113.5,30.47,59.95,90.25,50.71,24.67,1382,"Europe"
2012,"Mexico",55.06,13.98,58.98,7.04,6.99,70.77,62.54,80.06,93.5,87.81,31.33,6177.78,"North America"
2012,"Malaysia",54.9,12.8,74.06,6.36,4.91,36.28,70.88,69.06,91.25,89.39,32.4,5162,"Asia"
2012,"Iran",54.84,25.17,46.2,5.43,6.78,224.48,51.86,43.4,131.85,328.17,73.5,9714,"Asia"
2012,"Indonesia",51.42,17.21,18.33,5.36,3.47,353.14,23.87,94.12,43.84,117.26,36.67,7980,"Asia"
2012,"Ukraine",51.1,14.95,25.6,6.3,5.17,289.69,55.39,40.28,100.24,76.79,33,2035.5,"Europe"
2012,"Bulgaria",50.92,12.32,33.76,5.63,6,114.06,41.37,60.3,98.48,56.22,26.33,2106.67,"Europe"
2012,"Bosnia And Herzegovina",50.75,8.44,44.37,3.03,3.53,99.25,40.31,57.41,112.42,40.11,17,1330,"Europe"
2012,"Serbia",50.55,11.9,31.33,3.35,3.31,213.92,28.7,57.41,80.97,62.37,25.65,2562.12,"Europe"
2012,"Thailand",50.16,17.59,32.03,5.3,5.59,128.32,39.67,92.59,101.61,125.15,38.75,8977.5,"Asia"
2012,"Poland",49.74,16.89,59.23,3.77,4.08,107.49,38.7,55.79,83.75,97.19,36.27,3469.09,"Europe"
2012,"Egypt",49.65,15.98,28.16,7.98,8.07,109.2,44.31,65.74,125.71,242.4,59,12742,"Africa"
2012,"China",48.82,19.67,30.26,3.55,3.2,247.49,44.47,36.15,122.8,66.92,29.67,2253.33,"Asia"
2012,"Romania",47.91,12.15,34.29,4.1,4.37,162.79,29.59,48.41,91.92,76.89,32.47,2029.41,"Europe"
2012,"Philippines",43.62,10.98,28.99,9.23,9.97,116.62,53.09,76.11,116.65,208.9,54.89,7538,"Asia"
2012,"Pakistan",36.17,6.79,28.27,3.57,3.46,306.78,58.71,60.42,101.33,42.3,13,2320,"Asia"
2012,"India",33.39,8.36,60.11,3.25,3.9,119.78,45.64,59.42,102.91,174.35,48.33,7796.86,"Asia"
2013,"Norway",173.85,68.99,95.91,4.58,4.86,51.97,25.61,80.51,23.35,52.4,27.08,962.15,"Europe"
2013,"Switzerland",151.77,70.9,137.26,4.23,4.17,37.8,27.58,71.98,22.97,53.51,25.87,1225.2,"Europe"
2013,"Australia",133.66,72.72,103.02,4.64,5.31,74.43,44.44,75.56,20.89,115.97,39.09,4294.76,"Oceania"
2013,"Denmark",119.95,42.93,102.15,4.02,4.45,49.42,30.74,86.13,34.29,55.3,22.5,2450,"Europe"
2013,"Japan",115.24,43.81,85.99,4.75,5.85,42.42,13.11,80.09,33.68,153.62,50.3,684,"Asia"
2013,"Sweden",114.47,36.11,106.57,2.68,3.67,61.22,31.81,78.7,18.79,60.12,27.9,1805,"Europe"
2013,"New Zealand",113.63,46.06,80.65,6.73,6.01,55.04,41.79,76.04,21.8,59.61,26.57,2489.43,"Oceania"
2013,"Ireland",112.33,40.37,95.06,5.98,6.32,40.59,44.95,49,29.76,49.46,21,1417.2,"Europe"
2013,"Venezuela",111.01,41.48,16.64,8.39,7.48,356.82,85.7,44.44,81.89,126,38.75,8977.5,"South America"
2013,"Belgium",108.04,39.18,94.09,5.15,4.49,49.83,42.95,81.48,49.63,76.13,27.33,6007.33,"Europe"
2013,"Finland",106.99,40.37,94.06,3.32,4.04,59.61,32.69,76.41,18.53,162.67,49,3712.5,"Europe"
2013,"Singapore",105.39,103.04,59.94,3.61,4,162.85,19.98,58.82,49.5,175.01,51.1,4259.8,"Asia"
2013,"Netherlands",103.9,45.71,92.88,5.84,6.33,48.29,37.53,66.8,28.08,117.73,38.7,5203,"Europe"
2013,"France",103.24,37.99,98.11,3.44,4.04,60.9,51.13,85.62,41.3,50.04,28.9,238,"Europe"
2013,"United Kingdom",102.24,41.1,89.07,5.77,5.18,51.12,39.78,71.28,36.02,114.88,38.67,3637.22,"Europe"
2013,"Italy",101.42,36.21,70.44,3.05,3.83,99.7,49.46,64.78,58.86,112.68,38.43,4478,"Europe"
2013,"Canada",99.65,39.85,109.56,5.58,6.47,36.64,34.98,72.79,26.52,119.82,38.76,5715.31,"North America"
2013,"Austria",97.88,36.81,87.47,3.76,4.58,61.49,30.44,81.45,28.81,62.12,28,2106,"Europe"
2013,"Greece",92.57,18.64,49.44,3.16,3.51,91.57,49.76,50.4,62.69,113.83,38.51,4637.49,"Europe"
2013,"Israel",92.24,32.28,72.55,3.91,4.11,75.01,48.26,87.04,59.54,162.28,46.6,7709,"Asia"
2013,"Germany",91.64,33.24,117.58,5,5.55,34.73,23.86,73.25,28.43,74.55,31.89,2008.93,"Europe"
2013,"Spain",83.14,29.09,84.04,3.38,4.31,68.71,34.12,75.61,46.52,65.89,26.42,3894.74,"Europe"
2013,"Puerto Rico",82.56,25,94.08,6.48,7.89,34.8,70.53,58.98,54.02,91.04,32.5,6650,"North America"
2013,"Qatar",82.36,84.11,136.65,6.8,8.85,43.54,26.17,68.06,82.76,89.5,30.5,7980,"Asia"
2013,"Slovenia",82.06,26.48,59.25,3.81,3.87,100.88,29.6,72.11,28.17,50.92,24.67,1650,"Europe"
2013,"Uruguay",81.66,26.14,37.58,6.9,5.68,148.39,44.97,57.18,30.46,157.71,50,1200,"South America"
2013,"United States",80.54,37.39,136.5,11.76,13.35,16.42,53.44,67.76,32.53,127.12,39.54,6986.52,"North America"
2013,"South Korea",80.44,28.66,102.13,2.22,2.71,91.22,17.4,80.56,75.57,40.18,21.5,470,"Asia"
2013,"Hong Kong",77.81,88.57,80.3,2.86,3.42,150.36,16.57,71.06,64.95,132.58,43.88,2947.5,"Asia"
2013,"Lebanon",75.63,38.51,42.46,4.25,5.33,158.31,47.31,43.33,88.05,114.65,36.4,8778,"Asia"
2013,"United Arab Emirates",75.48,63.29,121.24,9.62,10.12,39.16,18.01,59.92,58.37,66.1,24.5,4400.67,"Asia"
2013,"Portugal",75.31,24.34,54.12,6.11,6.6,58.27,34.96,61.63,35,65.2,27.88,2921.08,"Europe"
2013,"Croatia",72.24,14.9,51.58,2.95,2.88,120.95,32.25,50.03,42,132.95,43.86,2511.14,"Europe"
2013,"Saudi Arabia",72.17,15.73,114.63,6.1,5.15,22.59,31.74,34.17,80.55,53.91,15.75,4189.5,"Asia"
2013,"Estonia",70.75,16.8,53.09,4.46,4.5,61.62,24.23,78.06,16.38,48.59,23.17,1463.67,"Europe"
2013,"Argentina",70.44,20.12,50.24,4.51,5.35,208.58,59.29,78.26,55.56,163.55,46.71,8202.86,"South America"
2013,"Brazil",70,22.79,41.26,4.8,4.95,157.06,62.62,57.58,56.5,97.78,35.82,3795.43,"South America"
2013,"Russia",69.69,29.38,42.96,6.55,6.43,168.71,52.39,39.34,78.29,172.43,49.68,5224.91,"Europe"
2013,"Chile",68.38,21.3,56.43,5.44,4.82,79.52,40.28,61.51,74.2,114.03,40.22,2909.11,"South America"
2013,"Taiwan",67.83,20.52,73.02,1.59,6.59,94.18,16.26,81.25,71.48,103.98,38.33,3060,"Asia"
2013,"Slovakia",65.72,24.46,53.78,8.24,6.33,62.22,35.16,59.95,34.4,121.66,41,3320,"Europe"
2013,"Turkey",64.39,16.16,56.44,6.46,7.21,81.79,35.2,71.87,82,176.66,50.47,5399.47,"Asia"
2013,"Hungary",63.9,12.6,42.97,3.89,4.08,107.54,33.72,51.02,53.27,48.38,22.45,1373.82,"Europe"
2013,"Czech Republic",63.35,21.04,60.65,4.67,4.46,75.11,34.12,61.99,40.1,67.74,30.78,1834,"Europe"
2013,"Lithuania",63.33,16.18,42.24,3.82,3.94,117.52,34.61,70.79,25.17,59.81,27.33,1675,"Europe"
2013,"China",61.75,25.82,37.27,3.43,3.42,214.93,26.87,60.86,89.35,72.11,30.5,2636,"Asia"
2013,"South Africa",60.2,21.39,105.33,8.94,8.31,34.64,76.68,61.33,58.99,127.27,38.91,8869.36,"Africa"
2013,"Colombia",58.44,14.01,29.71,4.83,4.93,196.69,54.16,77.31,68.26,137.77,43.57,3872.86,"South America"
2013,"Iran",57.04,24.3,37.51,5.35,6.17,287.33,56.15,45.66,90.23,230.9,58.28,9021,"Asia"
2013,"Poland",55.64,20.2,54.72,3.95,4.82,111.76,38.93,57.81,50.02,93.6,36.24,2589.93,"Europe"
2013,"Malaysia",54.82,15.25,69.64,6.09,4.17,53.16,67.75,59.65,67.35,121.11,38.64,6777.27,"Asia"
2013,"Georgia",53.8,17.09,28.56,2.35,2.01,571.3,19.57,68.98,64.83,54.9,20,3303.33,"Asia"
2013,"Serbia",53.59,11.96,36.58,3.15,3.46,174.6,41.23,55.55,52.79,59.98,25.48,2168.38,"Europe"
2013,"Mexico",53.56,13.29,59.77,6.36,6.63,74.65,56.23,72.12,66.08,120.06,37.37,7728.32,"North America"
2013,"Bosnia And Herzegovina",53.4,8.65,46.42,2.69,3.31,108.83,43.26,54.54,67.63,39.09,18.83,886.67,"Europe"
2013,"Panama",53.38,28.26,37.52,10.18,9.51,88.66,48.46,82.41,48.08,94.21,31.67,8423.33,"North America"
2013,"Bulgaria",52.68,12.39,37.71,5.44,5.6,102.61,41.47,54.63,78.86,52.56,22.17,2383.33,"Europe"
2013,"Romania",51.89,14.14,35.81,4.82,4.66,143.87,30.02,46.13,63.34,90.41,34.85,2703.69,"Europe"
2013,"Thailand",51.78,21.3,35.01,5.62,4.45,151.88,40.53,94.73,72.12,124.54,38.57,9120,"Asia"
2013,"Ukraine",48.56,14.74,31.97,5.52,5.31,273.26,48.95,47.89,67.28,113.06,39.91,3274.73,"Europe"
2013,"Philippines",48.01,10.91,25.66,5.13,4.03,202.55,54.94,73.7,74.84,162.43,46.75,6757.5,"Asia"
2013,"Ecuador",46.61,12.91,25.47,7.59,6.93,143.96,59.74,64.81,58.55,117.23,43,1200,"South America"
2013,"Indonesia",46.14,17.58,24.62,5.37,3.5,267.29,40.49,48.52,85.14,210.4,54.38,9577.5,"Asia"
2013,"Egypt",44.82,11.1,30.32,6.3,7.17,124.84,48.67,59.08,89.86,241.78,59,12742,"Africa"
2013,"Pakistan",33.41,6.12,26.03,3.32,3.67,318.58,61.52,47.88,86.96,50.93,16,3402.5,"Asia"
2013,"India",30.92,7.36,61.92,3.18,3.58,123.35,42.12,62.68,77.48,184.87,50.64,7410.96,"Asia"
2014,"Norway",144.45,58.88,94.4,4.62,4.99,52.74,33.73,75.71,22.57,71.57,24.5,1270.89,"Europe"
2014,"Switzerland",143.88,63.84,138.05,3.61,3.6,42.72,31.79,67.95,26.8,79.16,24.55,1701.9,"Europe"
2014,"Denmark",114.87,40.05,100.66,4.5,4.73,44.5,29.27,85.62,34.76,98.32,25,3507.78,"Europe"
2014,"Venezuela",114.36,39.59,17.87,8.64,7.65,296.96,81.5,41.05,73.96,181.5,38.75,8977.5,"South America"
2014,"Australia",108.51,57.97,104.2,5.15,5.46,64.46,41.23,73.55,19.38,141.35,36.25,4253.13,"Oceania"
2014,"Ireland",106.61,39.24,94.64,5.87,5.69,43.33,53.59,42.57,29.32,76.53,22.53,1713.12,"Europe"
2014,"New Zealand",104.48,42.43,87.58,6.77,7.89,44.44,42.85,77.83,21.02,87.17,26.57,2332.71,"Oceania"
2014,"Sweden",103.68,33.79,106.11,2.6,3.33,65.03,38.28,75.22,17.51,112.48,34.07,2212.43,"Europe"
2014,"Finland",103.28,35.32,97.9,3.61,4.4,49.2,29.16,68.69,16.68,122.76,37,2007.09,"Europe"
2014,"France",100.21,36.86,92.29,2.83,3.91,73.05,47.28,82.28,46.92,82.07,28.1,1506.8,"Europe"
2014,"United Kingdom",100.11,44.19,94.34,4.7,5.16,57.65,42.62,73.52,33.81,143.41,37.68,3486.61,"Europe"
2014,"Belgium",100.04,34.89,87.93,5.49,6.09,43.19,41.53,78.04,56.16,111.96,25.96,4965.67,"Europe"
2014,"Singapore",100.01,97.04,64.11,3.83,4.22,142.16,21.35,61.82,41.93,192.55,47.82,3872.55,"Asia"
2014,"Netherlands",98.82,40.94,97.54,5.72,5.83,46.27,37.07,66.17,32.4,129.61,35.06,3409.38,"Europe"
2014,"Italy",96.81,31.55,75.39,2.83,3.55,98.44,45.59,65.05,60.42,151.67,38.05,4535.34,"Europe"
2014,"Japan",94.13,35.51,99.64,4.06,3.28,50.36,18.1,85.03,40.78,154.57,47.64,691.43,"Asia"
2014,"Israel",91.45,35.23,69.29,3.6,3.73,92.6,33.28,75.43,63.75,204.98,46.38,6477,"Asia"
2014,"Austria",89.5,33.23,91.53,3.49,3.81,63.91,25.83,79.67,31.68,70.71,24.5,1165,"Europe"
2014,"Canada",87.9,35.71,105.53,5.54,6.06,38.7,36.29,71.94,27.7,164.16,39.17,5426.74,"North America"
2014,"South Korea",87.56,37.56,80.63,3.19,4.14,86.32,16.35,79.17,74.24,76.37,31.2,536,"Asia"
2014,"Germany",87.14,30.29,112.28,4.51,4.78,37.98,27.14,75.26,30.2,132.35,36.07,2826.51,"Europe"
2014,"Greece",83.79,15.12,44.27,3.4,3.41,93.91,43.05,59.02,45.28,143.11,36.98,4130,"Europe"
2014,"United States",77.39,36.93,132.91,11.01,12.58,17.99,50.15,68.58,35.13,164.78,37.13,6989.04,"North America"
2014,"Uruguay",77.36,25.26,39.64,5.85,6.47,125.44,46.64,59.58,21.33,147.57,45,960,"South America"
2014,"Spain",77.18,26.41,72.48,3.71,4.36,73.57,32.42,75.17,49.76,120.42,32.03,3686.6,"Europe"
2014,"Puerto Rico",76.5,21.19,85.28,5.2,6.8,41.82,59.3,59.93,47.41,118.55,28.4,5426.4,"North America"
2014,"Hong Kong",76.36,87.81,71.39,3.02,3.17,174.02,22.68,71.83,63.79,180.46,47.73,2401.82,"Asia"
2014,"Slovenia",75.37,22.47,60.36,3.91,3.98,92.12,33.21,61.31,32.97,76.53,20.67,2155,"Europe"
2014,"Kuwait",74.08,38.81,92.46,6.72,5.43,54.93,36.44,66.2,59.99,93.61,17,4256,"Asia"
2014,"Lebanon",70.15,33.38,41.86,3.96,6,155.77,50.1,55.36,86.72,148.72,32.43,7790,"Asia"
2014,"Portugal",69.3,22.38,54.65,5.84,6.49,62.51,35.06,64.8,30.9,102.1,28.91,3020.34,"Europe"
2014,"Croatia",69.04,13.93,48.32,2.87,3.23,121.41,28.9,55.94,28.69,110.39,33.35,2236.94,"Europe"
2014,"United Arab Emirates",68.25,64.26,110.64,8.75,10.38,45.48,20.79,60.65,53.84,118.54,28.2,4726.4,"Asia"
2014,"Saudi Arabia",68.14,15.49,100.03,6.63,6.24,24.29,29.38,50.42,71.54,107.31,23.33,4811.78,"Asia"
2014,"Estonia",67.33,18.07,48.67,4.77,5.31,69.39,29.07,76.34,13.43,72.01,24.71,1391.71,"Europe"
2014,"Argentina",66.85,17.63,57.08,4.62,4.77,186.31,57.48,76.75,57.45,200.15,45,6766.33,"South America"
2014,"Kazakhstan",63.15,22.64,37.29,6.87,7.45,164.92,49.41,60.19,74.36,126.53,40,1563.33,"Asia"
2014,"Russia",61.8,29.65,37.3,7.1,6.49,211.44,52.67,43.45,76.45,221.35,49.69,6162.81,"Europe"
2014,"Slovakia",61.5,22.01,52.41,6.23,6.02,73.29,32.72,63.52,40.81,135.06,37.5,2833.33,"Europe"
2014,"Jordan",61.46,15.22,38.3,7.39,7.18,81.47,47.58,74.1,81.84,286.17,60.2,6842,"Asia"
2014,"Brazil",60.6,21.77,43.29,4.44,4.59,178.83,67,53.72,57.58,172.29,43.02,4200.41,"South America"
2014,"Taiwan",60.2,19.06,82.31,1.59,2.53,105.33,21.47,78.33,70.81,94.67,27.6,2794.4,"Asia"
2014,"Chile",60.16,18.32,58.27,5.08,4.56,76.29,47.09,58.68,70.98,153.89,42.1,2817.6,"South America"
2014,"Lithuania",59.96,14.65,43.24,4.04,4.06,94.66,34.71,69.26,21.13,82.41,22,2202,"Europe"
2014,"Hungary",59.27,10.68,44.89,3.91,4.25,101.62,37.52,46.58,48.33,118.16,34.83,2435.44,"Europe"
2014,"Czech Republic",56.59,17.63,62.32,4.03,4.56,74.09,33.88,66.27,38.34,99.2,33.08,1583,"Europe"
2014,"China",54.12,24.31,43.73,2.89,3.22,226.14,30.13,65.12,84.72,117.09,31.17,3845.56,"Asia"
2014,"Poland",53.68,18.93,57.6,4.43,4.79,94.62,37.53,54.83,50.54,120.55,35.32,2574.86,"Europe"
2014,"Serbia",51.57,10.91,37.39,3.05,3.33,160.94,39.28,54.35,49.56,88.85,24.38,2460.9,"Europe"
2014,"Colombia",50.37,14.65,33.45,5.32,5.3,191.96,58.54,68.52,65.67,172.01,46.15,2300.77,"South America"
2014,"Belarus",50.35,15.95,33.93,4.71,5.13,556.65,32.89,48.02,42.72,103.42,24.83,4256,"Europe"
2014,"Bulgaria",49.96,11,37.39,5.44,5.81,101.23,40.02,58.04,66.72,105.12,34.69,1235.88,"Europe"
2014,"Turkey",49.93,12.81,55.79,5.81,6.93,90.4,39.95,57.54,77.11,229.56,51.93,5557,"Asia"
2014,"Bosnia And Herzegovina",49.76,8.28,44.52,2.98,3.25,114.57,44.98,54.42,58.22,63.06,22.56,886.67,"Europe"
2014,"Iran",49.51,20.49,30.33,5.04,5.62,440.04,55.01,48.6,86.07,261.8,54.45,8544.4,"Asia"
2014,"Malaysia",48.66,15.16,70.46,5.01,4.68,63.97,66.41,69.35,61.12,174.07,38.7,7555.3,"Asia"
2014,"South Africa",48.55,17.7,95.97,9.13,9.03,36.95,78.53,59.44,57.93,196.69,41.31,9271.44,"Africa"
2014,"Romania",48.2,12.23,36.51,4.81,4.83,130.21,28.73,47.27,62.55,118.85,33.29,3072.42,"Europe"
2014,"Mexico",46.96,12.14,60.46,6.36,5.32,80.58,52.46,70.64,71.17,174.57,38.96,7138.32,"North America"
2014,"Thailand",45.95,18.3,36.96,4.73,3.85,166.13,37.56,85.44,71.13,144.36,32.82,6995.45,"Asia"
2014,"Ukraine",45.64,15.13,31,5.67,6.25,301.69,49.37,47.1,73.32,165.39,41.89,3878,"Europe"
2014,"Ecuador",45.23,14.15,27.03,8.54,7.49,129.67,59.97,59.39,53.66,165.8,42.8,3912,"South America"
2014,"Philippines",40.28,8.34,29.97,3.65,3.31,220.91,41.9,69.84,74.88,230.36,49.78,7375.56,"Asia"
2014,"Indonesia",39,12.83,26.44,5.77,5.2,200.47,46.67,60.23,73.78,187.94,41.07,7588.89,"Asia"
2014,"Egypt",38.26,9.4,25.57,7.36,8.22,129.33,52.43,61.3,91.23,323.05,60.83,13012.67,"Africa"
2014,"Pakistan",29.69,4.66,31.53,3.23,3.53,212.14,63.75,50.4,80.25,112.15,25.12,5265,"Asia"
2014,"India",26.7,7.01,62.33,3.34,3.94,126.43,43.7,64.62,74.34,213.68,47.72,6491.79,"Asia"
2015,"Switzerland",126.03,57.63,146.51,3.47,3.56,44,26.77,66.31,24.07,80.46,25.63,1734,"Europe"
2015,"Norway",118.59,48.7,96.3,4.64,4.87,54.74,31.19,75.46,23.7,74.58,25.3,1391.4,"Europe"
2015,"Venezuela",111.01,34.13,11.9,12.49,9.27,333.43,84.07,38.52,79.19,139.9,30.6,7443,"South America"
2015,"Denmark",100.6,34.71,105.7,5.74,5.72,34.3,25.71,79.28,31.79,94.37,27.85,2428.46,"Europe"
2015,"Australia",99.32,49.47,110.39,5.03,5.4,59.32,42.16,71.85,21.63,142.46,36.25,4400.63,"Oceania"
2015,"New Zealand",93.71,35.76,90.99,6.04,7,49.11,39.76,72.61,17.61,92.36,28.1,2399.14,"Oceania"
2015,"Singapore",93.61,84.62,75.4,3.42,3.89,133.27,17.59,66.14,40.4,170.76,44.07,3595.87,"Asia"
2015,"Kuwait",92.97,40.91,85.7,7.4,6.16,54.74,43.51,66.57,59.63,119.48,25,6206.67,"Asia"
2015,"United Kingdom",92.19,39.19,98.12,4.11,4.58,63.43,42.01,73.88,33.95,127.76,34,3573.45,"Europe"
2015,"Ireland",92.09,37.47,95.72,5.8,6.42,45,49.07,49.53,27.97,108.08,32.6,2229.23,"Europe"
2015,"Finland",89.68,29.87,101.17,3.86,5,43.52,29.55,69.37,14.91,100.39,33.17,1489.89,"Europe"
2015,"France",88.37,31.13,92.62,3.18,3.92,66.73,49.71,82.58,45.94,85.7,28.6,1676.47,"Europe"
2015,"Belgium",87.22,30.96,86.16,5.44,5.98,45.92,42.04,77.86,53.84,102.46,26.69,3460.44,"Europe"
2015,"Netherlands",85.98,35.5,102.02,5.61,5.63,46.1,35.41,67.23,34.97,140.43,35.45,4000,"Europe"
2015,"Sweden",82.91,27.49,110.95,2.82,3.18,61.85,42.09,76.29,15.14,84.03,26.9,1747.05,"Europe"
2015,"South Korea",82.9,35.55,85.83,3.34,3.76,83.32,17.99,78.15,77.11,96.62,31.33,1865.33,"Asia"
2015,"Italy",82.72,25.71,79.35,2.82,3.56,94.06,47.5,65.78,57.75,142.07,35.91,4538.88,"Europe"
2015,"Canada",81.8,33.08,105.07,5.85,6.4,37.88,37.46,69.6,27.3,161.56,38.88,5233.99,"North America"
2015,"Japan",80.36,29.71,98.21,3.58,3.32,55.84,20.24,87.07,38.22,194.55,51.05,2019.09,"Asia"
2015,"Israel",79.29,30.26,88.18,3.36,3.83,68.86,30.4,76.35,65.21,175.23,41.25,5787,"Asia"
2015,"Austria",76.87,29.2,104.55,2.95,3.66,64.32,26.25,78.42,33.96,66.87,25.86,852.14,"Europe"
2015,"United States",76.53,36.17,126.09,11.16,12.92,19.43,50.01,67.75,31.45,158.47,35.96,6813.52,"North America"
2015,"Germany",76.27,27.16,111.84,4.01,4.45,44.27,28.49,75.61,28.32,98.41,31.08,1914.97,"Europe"
2015,"Hong Kong",75.23,81.09,74.93,2.67,2.77,192.99,19.24,80.6,59.5,171.92,46.25,2315.62,"Asia"
2015,"Qatar",74,76.31,113.02,8.8,7.48,51.69,21.04,75.86,87.73,132.56,29.27,7121.82,"Asia"
2015,"Puerto Rico",73.5,19.7,94.43,5.74,6.26,36.02,67.06,58.74,48.03,139.58,32,6738.67,"North America"
2015,"Cyprus",72.52,16.2,71.05,4.28,4.28,63.99,31.56,78.36,32.88,73.72,19,1980.22,"Asia"
2015,"Greece",68.88,11.92,51.89,3.57,3.54,75.32,41.35,56.73,44.87,128.78,33.18,4284.16,"Europe"
2015,"Uruguay",68.55,21.8,44.87,5.59,5.92,108.51,47.17,67.92,31.72,147.57,45,960,"South America"
2015,"Lebanon",67.61,31.68,50.17,4,5.73,143.71,51.98,65.78,89.11,148.72,32.43,7790,"Asia"
2015,"United Arab Emirates",67.16,66.86,104.59,8.76,9.75,49.9,22.22,55.6,61.34,128.27,29.9,5722.57,"Asia"
2015,"Argentina",67.12,18.26,59.38,3.63,3.75,231.65,62.4,75.18,55.88,175.34,41.39,5765.56,"South America"
2015,"Spain",65.7,21.53,76.71,3.95,4.48,66.42,33.85,73.21,46.3,106.47,28.91,3309.73,"Europe"
2015,"Slovenia",65.15,17.27,64.16,3.62,3.78,79.56,28.71,53.93,31.45,74.57,18.82,2094.36,"Europe"
2015,"Russia",61.91,28.73,38.86,6.87,6.46,209.95,51.33,51.8,72.77,198.51,47.08,4885.94,"Europe"
2015,"Jordan",61.38,15.27,38.67,6.92,7.39,87.47,45.51,69.71,85.64,232.05,51.4,6374.2,"Asia"
2015,"Estonia",61.2,16.17,51.44,4.21,4.35,78.12,28.13,73.08,15.53,69.25,22.44,1385.56,"Europe"
2015,"Nigeria",59.4,22.37,40.23,10.74,3.43,205.19,76.6,38.4,76.29,241.71,58.67,2328.67,"Africa"
2015,"Croatia",58.92,11.8,50.47,3.08,3.42,109.97,29.34,57.26,32.76,102.35,30.5,2481.27,"Europe"
2015,"Portugal",58.22,18.29,58.22,5.68,6.42,61.94,35.84,65.62,32.61,99.79,28.2,2997.85,"Europe"
2015,"Taiwan",57.06,17.23,69.9,1.4,1.8,152.28,21.88,84.29,67.65,106.28,28.25,3709,"Asia"
2015,"Cambodia",57.05,14.82,11.93,10.78,7.85,232.05,44.06,54.17,80.06,150.01,33.33,7453.33,"Asia"
2015,"Bahrain",56.17,37.39,59.69,9.32,10.82,69.39,39.97,84.44,87.36,116.25,27,5426.4,"Asia"
2015,"Dominican Republic",55.95,12.34,28.2,6,7.8,171.89,67.72,78.7,65.32,127.02,27.5,7315,"North America"
2015,"Latvia",55.94,13.01,44.39,3.85,4.63,83.51,37.22,67.13,43.43,90.11,24,2913.6,"Europe"
2015,"Brazil",55.33,18.53,41.16,4.23,4.32,200.64,68.95,52.15,58.03,199.4,46.34,5321.17,"South America"
2015,"Panama",55.16,31.22,43.34,11.56,6.98,88.77,50.08,82.14,50.91,130.46,28.12,7216.25,"North America"
2015,"Kazakhstan",54.27,19.41,43.48,5.86,5.55,186.69,46.68,58.86,73.69,146.9,41.8,2534.4,"Asia"
2015,"Chile",53.21,17.12,55.11,4.4,5.34,87.73,45.01,58.55,72.4,149.19,40.83,2982.17,"South America"
2015,"Lithuania",52.76,13.59,46.86,4.12,4.1,87.49,36.69,70.11,29.6,105.38,31.33,2380.56,"Europe"
2015,"Slovakia",51.6,17.42,56.05,6.23,6.64,61.09,33.34,57.34,47.94,98.37,30.4,2082,"Europe"
2015,"Saudi Arabia",50.35,15.22,126.19,7.2,6.85,23.55,34.57,59.02,71.02,113.05,26.14,5107.29,"Asia"
2015,"Belarus",50.2,17.64,35.82,5.46,5.23,545.46,30.5,45.39,45.12,113.05,30.57,3805.14,"Europe"
2015,"Kenya",50.01,17.11,28.74,8.34,4.12,287.29,72.61,62.7,62.2,317.24,65.2,7123.6,"Africa"
2015,"Turkey",49.55,11.5,53.63,5.93,7.11,86.84,36.4,74,74.31,194.22,46.32,4825.94,"Asia"
2015,"Hungary",48.9,9.52,46.85,4.66,5.1,84.03,41.76,51.58,46.25,92.87,30.12,1771.46,"Europe"
2015,"China",48.89,22.42,48.64,2.78,3,230.62,41.75,58.74,89.36,150.98,37.48,4826.16,"Asia"
2015,"Czech Republic",48.5,16.61,68.07,3.97,4.75,71.37,32.89,67.24,42.87,91.65,31.47,1477.27,"Europe"
2015,"Thailand",46.52,16.72,38.75,3.93,3.22,179.53,37.06,82.47,72.81,200.79,42.36,8862.14,"Asia"
2015,"Malaysia",45.97,13.41,73.54,4.6,4.24,64.84,69.97,69.14,64.73,181.23,39.4,7978.29,"Asia"
2015,"South Africa",45.58,16.95,101.78,10.2,9.4,33.59,78.44,60.09,65.19,208.39,42.98,10002.42,"Africa"
2015,"Ecuador",45.57,14.01,28,7.02,6.42,167.68,54.04,63.08,53.2,194.39,45.67,5698.33,"South America"
2015,"Poland",45.11,15.13,63.49,4.42,4.64,83.11,32.99,58.03,50.55,118.16,34.67,2579.75,"Europe"
2015,"Iran",44.53,17.77,30.65,5.05,5.53,468.12,50.9,50.12,82.28,214.14,47.44,6974.74,"Asia"
2015,"Bulgaria",43.57,9.49,39.88,5.54,6,92.96,43.45,58.47,63.96,109.48,33.43,2046.7,"Europe"
2015,"Serbia",43.29,8.47,39.15,2.81,3.15,155.29,43.43,54.12,56.6,99.85,27.79,3008.97,"Europe"
2015,"Romania",42.39,10.01,40.62,4.8,4.84,108.96,29.72,46.57,50.55,108.25,30.69,3016.61,"Europe"
2015,"Bosnia And Herzegovina",42.3,7.31,44.74,3.16,3.1,123.72,45.82,52.08,58.54,67.19,21.9,1197,"Europe"
2015,"Vietnam",41.86,14.86,21.32,5.17,7.64,285.6,52.29,34.26,84.34,141.69,36.4,4384.8,"Asia"
2015,"Sri Lanka",41.66,10.74,28.24,7.89,3.7,226.12,49.96,74.29,65.72,126.82,30.83,5431.67,"Asia"
2015,"Ukraine",41.29,12.68,27.87,5.96,5.88,349.26,49.36,44.27,69.85,157.51,40.04,4058.61,"Europe"
2015,"Mexico",41.26,11.71,59.51,7.42,6.17,77.27,53.84,67.79,68.83,158.59,36.89,6169.37,"North America"
2015,"Armenia",40.68,9.65,27.74,6.55,5.33,197.43,29.14,48.33,73.03,88.83,26.09,2490.55,"Asia"
2015,"Bolivia",40.02,10.84,41.1,6.15,5.41,94.54,65.6,49.75,94.05,243.93,55,5033.33,"South America"
2015,"Philippines",40,7.53,35.41,3.1,2.65,198.55,43.11,71.66,74.17,202.31,45.5,6565.46,"Asia"
2015,"Georgia",39.56,11.94,26.21,6.78,6.6,208.57,22.01,62.59,58.79,128.99,38,2182,"Asia"
2015,"Indonesia",39.35,13.85,26.01,6.24,5.74,217.37,47.22,66.09,74.41,186.26,41.63,6849.71,"Asia"
2015,"Bangladesh",39.22,5.85,33.43,3.74,4.29,194.01,64.25,43.25,93.59,280.43,58,7772.86,"Asia"
2015,"Colombia",38.92,12.91,36.08,6.07,5.51,188.58,56.88,68.92,61.41,162.94,44.55,2304.09,"South America"
2015,"Macedonia",37.41,7.02,35.48,3.46,3.51,148.07,36.06,35.12,82.31,122.58,33.17,3236.33,"Europe"
2015,"Egypt",37.22,9.01,25.84,7.49,7.94,132.27,60.14,54.69,96.62,293.39,56.85,11796.2,"Africa"
2015,"Moldova",34.72,7.69,23.7,5.18,5.68,267.28,49.7,52.69,57.24,106.98,24.6,4666,"Europe"
2015,"Pakistan",30.71,4.81,33.21,3.03,3.54,218.22,61.16,51.16,83.73,112.61,25.14,5383.57,"Asia"
2015,"India",26.27,6.78,65.79,3.3,3.91,124.36,46.55,66.86,77.72,195.53,45.24,5760.83,"Asia"
2016,"Switzerland",123.1,55.14,178.74,3.06,3.28,51.22,25.73,68.88,23.02,90.3,28.73,1816.89,"Europe"
2016,"Norway",99.8,37.04,125.75,4.51,4.78,49.5,30.11,74.23,18.21,101.37,29.48,2585.39,"Europe"
2016,"Denmark",84.88,30.83,142.14,4.74,5.3,39.23,25.67,81.89,29.93,83.8,25.64,1904.36,"Europe"
2016,"Singapore",83.67,73.88,110.5,2.74,3.19,144.38,15.81,69.06,38.83,165.24,43.43,3121.53,"Asia"
2016,"Hong Kong",81.48,82.57,102.32,1.95,2.14,239.94,20.85,74.3,67.17,172.98,46.4,2386.4,"Asia"
2016,"Japan",81.25,29.75,117.55,1.57,1.99,119.57,19.34,80.42,34.04,177.3,48.35,1823.19,"Asia"
2016,"United Kingdom",81.03,36.29,120,4.42,4.53,65.52,43.13,74.03,35.02,132.1,35.53,3407.72,"Europe"
2016,"Australia",78.45,40.95,147.25,4.37,4.52,66.25,43.12,73.71,22.88,137.23,34.65,4638.92,"Oceania"
2016,"New Zealand",78.17,29.71,115.47,5.74,6.45,51.47,36.37,72.6,19.04,119.83,31.1,3997.9,"Oceania"
2016,"Ireland",78.03,37.87,125.66,4.5,5.49,62.4,48.39,50.38,30.85,115.79,32.31,3106.41,"Europe"
2016,"Israel",75.75,26.78,115.54,3.29,3.51,67.46,30.63,76.07,61.46,153.78,37.76,5061.1,"Asia"
2016,"Sweden",75.7,25.21,128.22,2.55,3.12,69.76,43.12,74.33,18.3,102.19,32.05,1979.41,"Europe"
2016,"Belgium",75.44,31.42,106.69,6.78,6.34,43.16,45.19,78.06,56.61,141.86,36.19,4198.47,"Europe"
2016,"France",75.3,26.22,118.51,2.64,3.19,78.5,44.06,82.25,46.31,108.63,31.98,2695.81,"Europe"
2016,"Finland",75.25,26.98,132.93,3.72,4.54,46.48,28.12,74.36,17.84,103.33,32.89,1825.08,"Europe"
2016,"United States",74.08,38.39,139.17,11.04,12.51,24.74,48.87,67.76,34.94,145.2,33.35,6378.52,"North America"
2016,"South Korea",73.18,34.41,120.64,2.19,3.43,110.65,14.31,78.97,49.65,93.18,30.93,1653.82,"Asia"
2016,"Netherlands",72.12,31.76,129.34,6.26,6.64,41,31.47,70.43,32.79,142.2,35.51,4282.85,"Europe"
2016,"Italy",68.77,21.49,105.67,3.07,4.01,73.09,46.22,67.76,56.56,143.28,36.49,4327.28,"Europe"
2016,"Austria",66.59,26.15,120.46,3.63,3.98,60.17,24.06,77.78,30.77,69.36,26.79,913.64,"Europe"
2016,"United Arab Emirates",66.09,68.25,136.43,10.63,10.98,40.91,23.08,58.2,59.54,152.21,33.69,7209.78,"Asia"
2016,"Germany",65.54,24.01,147.61,3.82,4.07,45.62,32.95,75.85,29.91,87.46,29.07,1574.73,"Europe"
2016,"Canada",64.82,26.83,134.81,5.43,6,40.86,39.2,68.62,29.48,153.64,37.79,4833.32,"North America"
2016,"Argentina",64.09,18.07,74.92,3.61,3.83,269.12,63.28,73.73,58.46,176.66,42.36,5323.92,"South America"
2016,"Spain",56.11,18.86,105.31,4.49,5.12,54.56,31.77,75.89,46.58,115.8,30.52,3817.16,"Europe"
2016,"Greece",54.4,9.51,79.27,4.09,3.91,53.6,38.46,59.17,47.22,108.84,29.09,3597.42,"Europe"
2016,"Slovenia",52.19,14.71,89.76,3.86,4.05,71.21,26.27,58.47,28.2,101.91,25,3560.52,"Europe"
2016,"Portugal",49.83,15.28,75.47,5.67,5.91,61.04,35.13,69.03,31.85,113.36,30.56,3625.95,"Europe"
2016,"Croatia",48.2,9.71,67.89,3.13,3.54,101.79,29.51,59.96,30.42,105.59,30.03,2971.58,"Europe"
2016,"China",48.1,23.24,77.42,2.53,2.64,210.65,32.08,61.2,85.54,181.08,44.09,4619.63,"Asia"
2016,"Saudi Arabia",47.6,13.78,167.86,7.02,8.17,20.47,25.2,65.09,72.2,171.32,38.7,6870.13,"Asia"
2016,"Lithuania",45.56,12.45,61.25,4.24,4.43,84.11,43.15,67.38,30.94,106.53,30.24,2929.68,"Europe"
2016,"Turkey",45.07,10.45,64.12,5.36,6.33,106.92,39.43,73.03,65.75,208.02,48.05,5437.5,"Asia"
2016,"Chile",43.88,13.12,78.4,4.33,5.08,78.76,42,61.05,67.21,114.5,33.81,2615.05,"South America"
2016,"Czech Republic",41.8,14.45,89.88,4.21,4.7,65.26,32.06,72.35,42.49,100.93,32.48,1812.41,"Europe"
2016,"Hungary",41.29,10.54,56.3,5.44,6.14,86.78,41.93,52.07,46.7,105.9,31.78,2402.84,"Europe"
2016,"Iran",41.12,16.38,47.73,5.77,6.88,356.11,52.37,49.83,84.21,221.57,48.15,7506.88,"Asia"
2016,"Thailand",40.02,15.18,40.06,4.34,3.59,214.23,42.56,80.8,71.51,206.01,43.09,8942.12,"Asia"
2016,"Brazil",38.88,12.3,48.69,4.24,4.16,239.44,71.23,51.09,61.18,197.86,46.12,5331.7,"South America"
2016,"Poland",38.53,13.54,80.77,4.43,4.99,81.5,31.41,60.01,49.87,122.76,34.51,3050.26,"Europe"
2016,"Russia",38.48,17.13,57.42,6.69,6.41,192.89,47.31,54.15,64.49,209.12,49.13,4823.24,"Europe"
2016,"Malaysia",37.47,11.06,96.34,4.09,4.07,69.86,68.55,66.45,67.53,175.9,39.77,6865.02,"Asia"
2016,"Egypt",36.71,9.63,40.3,7.04,8.21,131.17,56.53,46.58,96.05,249.5,50.85,9626.05,"Africa"
2016,"Bulgaria",36.36,8.45,59.19,5.5,5.87,79.85,41.42,50.93,60.35,93.44,28.66,2153.45,"Europe"
2016,"Indonesia",36.33,9.86,35.51,4.52,4.89,225.53,46.97,62.56,75.14,182.92,41.4,6600.96,"Asia"
2016,"Mexico",35.01,9.88,76.51,7.37,6.48,77.18,50.8,68.13,64.64,162.01,37.06,6619.35,"North America"
2016,"Romania",34.8,8.63,61.9,4.89,4.73,87.75,29.72,51.43,50.5,115.29,33.29,2717.93,"Europe"
2016,"South Africa",34.75,13.18,126.1,9.68,10.2,37.17,78.43,59.58,63.29,207.99,43.18,9589.1,"Africa"
2016,"Philippines",34.73,6.72,42.86,3.01,3.07,193.09,37.61,72.25,73.12,207.82,45.97,6945.29,"Asia"
2016,"Bosnia And Herzegovina",34.59,5.83,60.64,3.46,3.3,105.89,42.46,60.52,57.95,82.17,23.41,2226.97,"Europe"
2016,"Serbia",33.56,6.69,49.62,3.1,3.37,148.39,43.28,55.88,55.14,93.22,28.37,2224.54,"Europe"
2016,"Macedonia",31.05,5.92,46.74,3.52,3.42,138.64,38.02,59.99,85.29,154.07,40.68,3300.95,"Europe"
2016,"Colombia",29.25,9.46,45.99,5.17,5.11,218.35,48.51,73.22,64.44,167.79,44.24,2997.58,"South America"
2016,"Ukraine",28.56,9.47,29.66,4.86,5.09,611.79,48.62,49.69,67.84,152.91,39.95,3630.75,"Europe"
2016,"Pakistan",26.69,4.68,43.34,3.36,3.21,218.77,56.63,61.27,76.64,155.34,36.85,5853.46,"Asia"
2016,"India",24.14,6.37,89.65,3,3.78,127.94,46.59,66.47,77.02,201.08,45.98,5948.79,"Asia"
2017,"Switzerland",122.06,56.57,95.35,3.01,3.15,81.89,22.45,71.04,20.77,84.87,28.3,1521.57,"Europe"
2017,"Norway",106.31,39.88,105.58,4.18,4.51,50.95,45.69,74.19,19.45,110.98,31.32,2941.93,"Europe"
2017,"Japan",85.28,27.56,102.52,2.21,2.75,72.76,20.89,78.63,41.01,164.04,46.81,1440.15,"Asia"
2017,"Italy",83.7,21.49,71.83,2.69,3.56,82.64,44.66,66.31,51.57,141.97,36.38,4228.66,"Europe"
2017,"Denmark",83.02,35.02,98.76,4.71,4.82,52.39,21.13,75.45,25.97,83.64,28.42,1413.53,"Europe"
2017,"Singapore",82.41,70.22,92.7,2.75,3.65,134.33,16.58,69.87,37.04,159.72,43.39,2554.54,"Asia"
2017,"New Zealand",80.77,33.8,89.87,4.99,5.92,63.92,38.78,70.58,20.03,115.62,30.23,3910.41,"Oceania"
2017,"Australia",80.66,42.54,101.94,4.9,5.05,70.87,42.42,74.25,24.58,145.16,34.73,5579.23,"Oceania"
2017,"Hong Kong",79.96,84.08,81.45,2.25,2.23,224.85,20.68,67.99,69.9,146.09,42.22,1813.17,"Asia"
2017,"Israel",77.74,28.44,94.47,3.45,3.54,71.94,29.01,74.78,61.71,147.44,36.52,4932.17,"Asia"
2017,"Ireland",76.98,40.64,103.52,6.02,6.91,50.79,45.77,53.33,27.18,129.79,35.01,3455.95,"Europe"
2017,"Sweden",75.88,26.86,107.23,2.52,3.22,71.27,46.65,70.64,17.87,102.03,31.6,2131.23,"Europe"
2017,"United States",75.42,40.3,123.17,11.23,12.24,23.53,48.76,68.22,31.19,156.01,34.58,7216.77,"North America"
2017,"South Korea",75.41,22.02,102.38,2.04,2.51,85.47,25.27,83.2,52.73,105.46,34.18,1615.62,"Asia"
2017,"Belgium",75.36,29.64,91.02,5.82,5.92,44.69,44.51,78.92,48.92,139.61,36.26,3914.33,"Europe"
2017,"France",74.89,24.83,87.29,3,3.67,73.86,43.66,78.62,40.15,129.97,35.81,3216.04,"Europe"
2017,"Finland",73.06,26.95,114.97,3.74,4.6,44.51,24.63,74.85,13.38,111.43,34.92,1821.53,"Europe"
2017,"Netherlands",72.47,32.45,86.52,5.38,5.93,56.24,29.89,82.5,27.62,127.73,33.9,3430.52,"Europe"
2017,"Austria",71.52,25.86,95.66,3.63,3.78,59.08,19.25,80.91,21.9,76.94,26.27,1289.32,"Europe"
2017,"Canada",70.16,29.84,108.01,5.47,6.16,42.14,39.25,69.23,26.54,149.56,36.24,5236.82,"North America"
2017,"United Kingdom",69.49,30.98,96.85,4.16,4.4,69.1,41.19,74.28,34.88,130.7,34.6,3705.96,"Europe"
2017,"Qatar",69.2,66.81,111.28,9.49,9.19,47.11,15.7,66.14,73.29,151.56,32.97,7993.14,"Asia"
2017,"United Arab Emirates",67.98,68.84,116.77,9.7,10.65,42.07,20.66,60.49,58.52,161.77,35.05,7895.27,"Asia"
2017,"Germany",65.5,25.35,124.88,3.75,4.09,45.91,32.03,76.74,27.05,95.92,30.55,1882.46,"Europe"
2017,"Lebanon",61.65,30.89,53.61,5.36,6.27,126.66,49.16,64.28,85.11,162.78,36.15,7554.4,"Asia"
2017,"Taiwan",61.38,14.8,118.57,1.54,1.71,78.76,17.24,81.14,62.91,127.32,32.69,4119.38,"Asia"
2017,"Jordan",59.22,12.51,42.27,6.48,7.23,76.63,43.14,71.92,85.73,221.35,47.76,7649.24,"Asia"
2017,"Greece",55.87,10.2,58.24,4.14,4.2,62.48,40.32,53.92,52.05,120.69,31.6,4017.28,"Europe"
2017,"Spain",54.98,18.83,87.87,4.38,5.23,52.02,31.28,76.65,37.46,121.21,32.63,3554.31,"Europe"
2017,"Cyprus",54.07,12.28,95.92,4.9,5.14,39.85,32.46,54.23,54.77,85.34,20.32,2873.86,"Asia"
2017,"Slovenia",53.24,14.06,78.23,4.2,4.21,60.26,24.05,64.35,26.37,102.04,26.48,3370.73,"Europe"
2017,"Brazil",53.07,15.52,42.38,4.01,4.02,224.6,70.62,51.7,61.17,202.55,46.39,5792.16,"South America"
2017,"Argentina",52.57,13.92,58.4,3.77,3.9,333.23,62.63,73.3,53.33,151.95,37.95,4722.3,"South America"
2017,"Chile",50.09,15.43,61.28,4.42,5.06,83.59,47.5,60.97,67.67,123.57,35.7,2678.27,"South America"
2017,"Estonia",49.5,13.98,68.48,4.11,3.95,68.75,23,71.3,17.71,81.51,26.71,1644.57,"Europe"
2017,"Portugal",49.19,16.77,62.72,5.95,6.08,60.87,35.39,70.31,28.91,114.4,30.44,3834.55,"Europe"
2017,"Saudi Arabia",48.37,14.36,138.05,7.29,8.01,21.07,23.65,60.41,74.18,156.57,36.31,6298.43,"Asia"
2017,"Croatia",48,10.09,60.71,3.31,3.69,89.21,27.8,65.49,33.34,102.55,28.45,3201.08,"Europe"
2017,"Lithuania",46.73,13.25,51.67,3.9,4.14,89.18,40.03,68.74,34.27,99.32,28,2952.67,"Europe"
2017,"Slovakia",44.9,16.49,64.75,5.62,5.57,61.59,30.18,62.63,43.51,141.34,36.03,3774.06,"Europe"
2017,"China",44.76,18.67,67.84,2.23,2.74,189.71,33.9,62.25,88.96,177.45,43.87,4276,"Asia"
2017,"Thailand",43.71,14.94,34.28,3.8,3.54,212.03,49.78,80.66,73.23,204.83,43.56,8438.25,"Asia"
2017,"South Africa",43.12,16.33,98.96,9.51,10.41,41.97,75.72,61.72,63.56,208.19,42.98,9777.29,"Africa"
2017,"Hungary",42.77,12.67,47.52,5.43,5.97,97.32,38.39,53.46,43.99,113.19,33.09,2645.53,"Europe"
2017,"Russia",42.01,17.58,48.27,5.75,6.31,193.91,46.05,56.4,63.04,203.27,48.57,4452.81,"Europe"
2017,"Czech Republic",41.22,14.83,76.22,4.17,4.61,65.37,30.18,74.09,41.04,102.5,31.98,2145.96,"Europe"
2017,"Indonesia",41.11,11.66,27.61,4.67,4.94,247.68,49.68,64.8,76.41,226.48,49.44,6927.33,"Asia"
2017,"Malaysia",40.24,11.19,73.34,4.07,4.05,72.87,64.75,65.99,67.08,175.17,39.4,7071.8,"Asia"
2017,"Vietnam",40.11,15.49,24.77,4.52,7.03,285.55,52.96,47.87,88.1,119.5,33,3316.8,"Asia"
2017,"Turkey",38.6,10.56,55.64,5.43,6.28,121.45,41.09,71.68,70.46,207.36,47.58,5647.06,"Asia"
2017,"Iran",38.26,17.05,43.18,6.1,8.12,275.34,50.9,51.55,82.51,234.34,49.7,8200.3,"Asia"
2017,"Poland",38.15,13.93,71.75,4.66,5.25,73.08,31.53,61.46,50.33,120.26,34.55,2789.19,"Europe"
2017,"Bulgaria",36.49,8.91,51.4,5.36,5.68,77.24,40.18,54.03,63.12,94.9,27.92,2531.84,"Europe"
2017,"Romania",35.63,9.59,53.44,4.89,4.76,83.3,27.95,53.11,50.9,108.9,31.97,2629.54,"Europe"
2017,"Bosnia And Herzegovina",35.05,6.22,51.29,3.41,3.31,104.89,40.97,61.49,60.69,89.73,26.63,2480.63,"Europe"
2017,"Philippines",34.71,7.32,36,3.75,3.54,162.87,39.77,69.16,70.25,202.16,45.14,6745.11,"Asia"
2017,"Colombia",34.45,10.69,37.63,4.25,4.3,283.62,51.69,65.79,63.9,168.47,43.77,3188.57,"South America"
2017,"Belarus",33.84,12.21,36.43,5.31,4.82,587.51,22.26,53.76,39.64,108,27.66,4238.55,"Europe"
2017,"Serbia",33.79,7.25,40.8,3.14,3.33,142.63,38.62,53.86,55.29,101.94,29.93,2539.98,"Europe"
2017,"Sri Lanka",33.47,8.74,30.28,4.91,4.47,238.64,34.57,80.04,61.9,197.2,47.19,4501.05,"Asia"
2017,"Macedonia",30.93,6.02,39.85,3.71,3.57,132.83,38.66,63.46,83.38,121.04,33.79,3034.07,"Europe"
2017,"Mexico",29.81,8.37,60.08,6.85,6.31,86.58,50.32,70.11,66.74,186.7,41.66,7026.7,"North America"
2017,"Pakistan",27.18,5.03,39.95,4.08,3.81,156.97,54.38,59.05,80.08,156.46,38.69,4796.44,"Asia"
2017,"Ukraine",26.22,9.36,26.93,5.3,6.01,512.06,51.27,49.81,67.26,147.81,39.16,3523.36,"Europe"
2017,"India",25.08,6.77,76.73,3.08,3.81,123.44,43.96,69.18,76.53,204.69,46.38,6124.35,"Asia"
2017,"Egypt",22.36,5.03,29.39,7.18,7.74,138.09,52.86,43.73,88.88,235.07,48.84,8935.25,"Africa"
2018,"Switzerland",131.39,53.84,126.15,2.65,3,62.84,21.76,71.73,23.01,90.82,29.28,1783.7,"Europe"
2018,"Norway",113.7,40.85,107.95,3.64,4.09,55.55,43.33,74.66,20.22,106.5,31.04,2598.95,"Europe"
2018,"Denmark",93.3,36.62,117.53,4.18,4.79,44.67,22.02,77.07,23.6,83.56,28.53,1405.53,"Europe"
2018,"Singapore",91.4,71.89,95.89,2.67,3.17,138.59,16.23,69.61,33.94,177.62,45.99,3003.1,"Asia"
2018,"Japan",86.58,25.6,107.35,2.03,2.56,71,13.1,81.72,41.66,149.87,44.48,1283.13,"Asia"
2018,"Israel",86.53,35.57,102.3,2.63,3.05,94.37,36.9,74.05,60.27,152.71,36.73,5480.93,"Asia"
2018,"Ireland",85.45,47.16,96.1,6.17,7.49,54.8,43.82,53.02,28.66,146.88,37.47,4172.03,"Europe"
2018,"Australia",84.3,41.85,122.98,4.97,5.15,56.1,42.55,76.21,24.76,150.98,36.32,5426.12,"Oceania"
2018,"France",83.86,28.62,101.21,3.2,3.66,60.78,45.29,78.03,40.41,124.48,35.03,2966.06,"Europe"
2018,"Sweden",83.7,28.01,113.01,2.61,3.37,63.02,49.26,70.42,19.1,99.34,30.68,2167.73,"Europe"
2018,"New Zealand",83.41,33.79,98.61,4.83,4.93,64.31,39.15,71.95,21.77,139.76,34.48,4841.53,"Oceania"
2018,"Belgium",83.35,28.05,98.91,4.93,4.92,44.91,42.17,80.43,48.92,129.06,34.63,3526.16,"Europe"
2018,"South Korea",82.94,23.39,109.36,1.79,1.86,98.21,35.83,83.4,52.87,124.42,37.24,1998.66,"Asia"
2018,"Netherlands",82.69,36.21,109.48,5.31,6.15,43.09,28.94,81.08,27.16,120.03,32.73,3148.05,"Europe"
2018,"Finland",81.7,29.72,119.42,3.75,4.56,43.31,23.7,75.4,12.07,103.9,33.23,1772.02,"Europe"
2018,"Austria",81.47,29.28,98.69,3.6,3.87,58.7,20.41,78.8,22.87,78.9,27.02,1367.1,"Europe"
2018,"Italy",79.06,23.14,81.07,3.54,4.28,63.15,44.53,68.01,53.11,143.38,37.01,4036.35,"Europe"
2018,"Hong Kong",78.72,79.54,82.86,1.95,1.91,257.22,20.9,63.81,69.35,141.7,41.26,1860.88,"Asia"
2018,"United Kingdom",75.85,33.4,108.54,3.88,4.61,63.26,41.2,74.19,37.71,136.12,35.75,3785.45,"Europe"
2018,"Germany",74.35,29.06,125.01,3.57,3.9,48.33,36.65,75.44,27.32,102.94,31.25,2226.93,"Europe"
2018,"United States",72.95,38.52,127.62,10.75,11.8,24.1,49.58,68.38,31.7,157.67,34.74,7330.96,"North America"
2018,"Canada",72.48,30.82,118.92,5.35,6.01,40.41,39.28,70.58,27.7,148.73,36.07,5232.68,"North America"
2018,"United Arab Emirates",67.21,60.72,124.78,10.26,10.6,35.87,18.75,63.48,55.78,175.42,37.49,8207.54,"Asia"
2018,"Taiwan",65.42,15.06,106.38,1.44,1.77,87.29,20.74,82,63.25,125.04,33.15,3669.49,"Asia"
2018,"Greece",63.15,11.82,53.8,4,4.35,70.7,39.07,54.18,52.85,120.24,32.16,3744.31,"Europe"
2018,"Spain",61.75,22.23,90.67,4.68,5.57,49.83,36.74,77.49,38.11,116.12,31.42,3522.38,"Europe"
2018,"Slovenia",59.65,15.5,80.33,4.15,4.09,59.03,24.71,64.69,26.25,106.96,27.78,3644.04,"Europe"
2018,"Estonia",57.65,15.81,74.82,4.15,4.42,58.1,20.83,71.35,17.17,110.35,32.73,2183.08,"Europe"
2018,"Portugal",55.86,20.39,61.97,5.53,6.36,65.58,34.54,69.5,30.53,113.19,30.28,3710.31,"Europe"
2018,"Chile",55.24,16.61,54.53,4.37,4.33,101.35,46.48,61.9,66.79,128.14,35.07,3432.3,"South America"
2018,"Croatia",55.06,12.02,59.77,3.59,3.73,90.62,27,63.83,32.73,104.59,29.55,3098,"Europe"
2018,"Argentina",53.74,13.84,60.15,4.2,4.2,286.2,61.79,71.31,53.64,168.54,41.55,4656.99,"South America"
2018,"Lithuania",53.24,15.21,57.29,3.97,4.22,79.1,37.59,66.81,33.14,100.99,28.69,2852.43,"Europe"
2018,"Brazil",51.33,13.89,41.56,4.06,4.17,215.96,70.55,52.65,59.48,195.8,45.27,5710.44,"South America"
2018,"Slovakia",50.41,18.86,67.29,5.51,5.76,59.58,30.15,64.42,40.67,119.17,32.17,3153.51,"Europe"
2018,"Czech Republic",50.09,19.07,76.35,3.74,4.08,77.39,28.81,75.36,41.02,95.53,30.3,2061.49,"Europe"
2018,"Thailand",48.91,17.1,38.59,3.76,3.62,195.53,47.25,80.87,72.86,177.35,39.21,7360.11,"Asia"
2018,"Hungary",48.6,15.37,50.62,4.49,5.34,112.96,36.51,51.09,46.57,116.53,34.12,2599.43,"Europe"
2018,"South Africa",48.05,17.91,99.83,10.17,10.34,41.8,75.71,62.96,62.15,211.66,43.26,10021.52,"Africa"
2018,"Saudi Arabia",47.86,13.5,131.46,7.8,8.34,19.88,36.69,60.19,71.72,148.11,34.01,6531.92,"Asia"
2018,"Poland",45.2,16.63,74.42,4.91,5.28,69.57,36.23,62.08,51.12,117.93,33.6,2931.68,"Europe"
2018,"Malaysia",44.73,11.52,72.98,3.75,4.18,73.37,63.05,65.64,66.52,166.47,37.6,6960.85,"Asia"
2018,"China",44.56,18.38,72.28,1.76,2.12,224.3,39.44,62.88,85.89,168.78,42.55,4049.23,"Asia"
2018,"Russia",43.89,16.61,51.11,6.28,6.46,154.85,45.2,56.77,63.26,202.23,48.26,4521.6,"Europe"
2018,"Turkey",41.8,10.38,53.78,5.21,6.14,123.62,41.06,70.42,69.44,200.09,46.29,5596.05,"Asia"
2018,"Bulgaria",41.21,9.81,54.44,5.42,5.72,67.03,39.7,52.11,63.03,106.93,31.12,2757.1,"Europe"
2018,"Indonesia",39.74,8.5,37.49,4.56,4.83,136.15,44.72,65.95,60.66,188.05,42.75,6375.12,"Asia"
2018,"Romania",39.71,10.85,66.2,4.82,4.84,62.5,29.04,54.56,53.04,116.96,33.4,2911.72,"Europe"
2018,"Serbia",39.59,8.44,41.81,3.2,3.38,129.74,37.76,53.42,56.58,101,28.95,2770.78,"Europe"
2018,"Vietnam",39.44,15.11,30.09,4.93,6.96,227.34,52.22,52.45,88.1,111.38,31.1,3171.83,"Asia"
2018,"Bosnia And Herzegovina",39.26,6.94,52.4,3.43,3.14,101.04,40.05,55.9,61.56,90.96,27.48,2403.3,"Europe"
2018,"Philippines",35.99,8.04,34.02,4.17,3.57,172.8,40.13,68.22,72.55,194.41,44.24,6221.95,"Asia"
2018,"Colombia",35.29,10.13,38.59,4.18,4.43,249.78,50.66,67.8,62.47,195.11,48.1,3615.71,"South America"
2018,"Iran",34.56,15.9,45.6,6.64,8.02,238.61,49.4,51.22,81.21,225.84,49.46,6993.82,"Asia"
2018,"Mexico",33.56,9.51,58.18,6.48,6.15,97.3,51.05,68.62,66.13,189.49,42.03,7195.8,"North America"
2018,"India",26.88,6.77,79.27,3.05,3.78,112.15,44.16,67.39,75.89,205.7,46.76,5970.97,"Asia"
2018,"Ukraine",25.98,8.85,30.24,6.04,6.59,387.91,49.39,50.11,67.24,146.69,38.5,3778.55,"Europe"
2018,"Egypt",25.69,5.07,24.67,6.92,6.71,207.7,53.72,44.42,87.64,221.38,46.69,8487.57,"Africa"
2018,"Pakistan",25.08,5.29,41.11,4.43,4.11,159.56,51.23,57.47,77.5,170.09,41.55,4667.59,"Asia"
2019,"Switzerland",121.16,50.25,129.7,2.83,3.18,56,21.5,72.68,22.03,90.28,29.05,1822.8,"Europe"
2019,"Iceland",101.86,48.28,91.8,6.83,7.37,58.03,23.28,66.44,15.24,92.95,19.74,3618.09,"Europe"
2019,"Norway",100.99,37.28,103.61,3.81,4.31,54.15,35.32,74.14,19.86,94.54,27.12,2576.96,"Europe"
2019,"Japan",83.33,27.97,103.12,2.48,3.07,64.15,13.73,80.4,37.08,134.54,40.03,1792.28,"Asia"
2019,"Denmark",81.38,32.91,114.39,4.46,4.88,42.54,24.25,79.41,22.14,87.1,28.51,1631.47,"Europe"
2019,"Hong Kong",78.14,76.83,69.34,1.84,1.86,310.55,19.32,67.35,66.39,137.47,41,1650.02,"Asia"
2019,"South Korea",76.93,22.23,103.4,1.36,1.74,122.07,34.05,84.51,54.19,145.57,40.02,2802.76,"Asia"
2019,"Ireland",75.35,41.8,95.09,5.51,7.16,56.55,44.52,48.58,31.12,139.08,35.85,4111.63,"Europe"
2019,"France",74.85,26.25,91.55,2.55,3.13,76.33,46.39,78.55,42.7,128.21,35.27,3266.3,"Europe"
2019,"Netherlands",74.83,34.74,102.54,5.24,5.81,46.93,28.57,77.81,27.45,107.4,29.87,2921.87,"Europe"
2019,"Israel",74.28,29.42,92.48,2.67,3.11,97.11,32.16,73.44,57.25,150.55,36.32,5430.17,"Asia"
2019,"Belgium",72.97,25.81,95.09,5.04,5,44.12,42.46,79.44,49.89,136.15,34.86,4279.41,"Europe"
2019,"Finland",72.82,26.14,112.3,3.48,4.37,46.1,22.8,73.49,11.93,94.01,30.41,1860.6,"Europe"
2019,"New Zealand",72.62,31.64,101.09,4.56,4.9,65.2,39.55,73.62,22.74,129.21,31.19,5207.49,"Oceania"
2019,"Australia",72.08,35.5,122.85,4.62,4.78,57.42,42.76,76.38,23.97,146.93,35.29,5467.89,"Oceania"
2019,"Austria",71.79,27.63,96.7,3.43,3.9,62.11,21.37,79.19,21.97,78.08,25.15,1547.64,"Europe"
2019,"Sweden",71.55,26.05,111.38,2.78,3.5,67.78,49.35,70.95,18.01,101.79,30.29,2394.14,"Europe"
2019,"United States",69.91,38.98,122.03,10.4,11.24,26.81,47.13,69.41,33.95,149.66,32.87,7254.78,"North America"
2019,"Singapore",69.79,53.1,103.77,2.37,2.7,133.06,21.47,70.3,32.29,154.36,42.15,2635.37,"Asia"
2019,"Italy",69.25,21.68,77.49,3.68,4.49,62.16,45.02,67.14,53.75,135.37,34.69,4286.32,"Europe"
2019,"Germany",67.62,26.85,116.2,3.34,3.58,54.17,34.51,74.32,28.01,98.09,29.91,2226.46,"Europe"
2019,"United Kingdom",65.28,28.6,105.73,3.97,4.3,62.25,42.72,74.71,39.43,133.25,34.62,4025.59,"Europe"
2019,"Canada",65.01,28.32,109.44,4.36,5.25,53.26,39.51,70.99,27.85,140.03,33.77,5334,"North America"
2019,"Taiwan",59.84,23.37,56.36,1.97,2.38,174.62,17.38,86.22,63.47,112.45,30.9,3299.82,"Asia"
2019,"Qatar",59.09,46.56,138.29,6.96,7.27,44.29,13.26,72.41,66.48,147.86,31.71,7965.31,"Asia"
2019,"Lebanon",58.06,26.92,53.97,5.06,6.32,117.78,44.27,65.9,87.39,176.09,37.36,8737.07,"Asia"
2019,"Greece",56.66,10.8,49.57,4.27,4.16,76.93,38.57,55.16,51.86,124.32,32.2,4177.56,"Europe"
2019,"United Arab Emirates",56.16,40.98,119.6,10.24,10.68,31.52,16.32,67.99,53.11,176.95,37.46,8457.1,"Asia"
2019,"Cyprus",55.57,20.23,75.29,6.22,6.72,50.91,29.31,50.17,53.75,90.08,20.27,3310.09,"Asia"
2019,"Jordan",54.98,11.87,41.73,6.75,7.75,76.66,43.82,66.12,80.39,199.12,42.43,8594.71,"Asia"
2019,"Spain",54.7,20.73,83.8,4.39,5.09,57.96,32.46,77.77,39.36,108.12,29.42,3399.99,"Europe"
2019,"Slovenia",52.51,15.36,75.38,3.76,3.87,69.99,22.57,62.81,24.33,97.65,24.81,3177.34,"Europe"
2019,"Panama",51.45,24.63,41.34,8.08,7.85,101.36,46.43,61.41,62,166.66,36.48,7826.65,"North America"
2019,"Estonia",51.01,15.38,75.97,4.19,4.32,59.98,20.8,72.12,18.15,83.54,25.75,1751.07,"Europe"
2019,"Portugal",50.39,21.07,55.19,4.94,6.34,81.02,32.13,70.72,31.58,109.89,29.02,3780.29,"Europe"
2019,"Latvia",49.23,12.02,55.16,4.68,5.32,60.37,36.77,59.71,34.96,120.01,31.45,4046.96,"Europe"
2019,"Croatia",49.18,11.6,60.33,3.47,3.57,89.94,24.69,64.14,31.03,105.79,29.11,3337.56,"Europe"
2019,"Chile",47.73,15.22,54.13,4.28,4.18,98.89,46.81,65.5,65.54,136,36.79,3479.48,"South America"
2019,"Saudi Arabia",47.61,11.4,118.59,6.8,7.71,20.64,29.73,59.07,67.26,135.35,29.61,6979.84,"Asia"
2019,"Thailand",47.54,17.71,40.86,3.52,3.66,182.02,46.66,79.06,72.21,178.43,39.4,7385.83,"Asia"
2019,"Lithuania",45.91,12.9,60.34,4.18,4.39,68.45,36.51,67.58,30.84,99.6,27.15,3234.62,"Europe"
2019,"Czech Republic",45.12,18.27,71.32,3.3,3.72,96.35,26.66,74.71,40.96,94.93,30.02,2088.68,"Europe"
2019,"Slovakia",44.98,16.13,63.24,5.41,5.26,61.49,29.54,60.06,41.89,104.58,29.58,2658.3,"Europe"
2019,"Brazil",42.8,11.46,37.43,3.73,3.83,219.77,70.24,54.64,57.72,186.41,43.37,5772.19,"South America"
2019,"South Africa",42.49,16.5,82.97,9.56,11.16,49.15,76.8,62.56,56.95,196.65,40.33,9850.16,"Africa"
2019,"Hungary",42.03,13.64,54.66,4.35,4.98,105.18,35.17,48.24,46.47,123.85,35.17,2823.4,"Europe"
2019,"Malaysia",39.38,10.92,73.14,3.84,3.99,74.4,60.79,67.61,63.74,159.4,35.25,7488.77,"Asia"
2019,"China",39.24,17.36,68.95,1.83,2.01,231.33,45.46,64.03,81.91,165.27,42.46,3675.44,"Asia"
2019,"Poland",39.13,14.92,70,4.85,5.18,73.58,30.09,62.15,52.38,112.3,32.15,2968.09,"Europe"
2019,"Vietnam",37.7,13.1,33.33,4.45,5.76,209.4,48.78,54.54,87.13,105.18,28.33,3479.98,"Asia"
2019,"Bulgaria",37.17,9.15,52.18,5.25,5.88,65.34,40,54.04,63.98,98.58,28.79,2729.49,"Europe"
2019,"Romania",36.45,10,61.16,4.41,4.55,72.83,27.84,54.49,55.39,126.84,34.36,3537.39,"Europe"
2019,"Indonesia",36.24,8.43,32.95,5.06,5.11,143.25,46.01,61.98,62.78,193.19,42.93,6971.18,"Asia"
2019,"Iran",35.8,16.92,37.74,5.82,7.06,335.16,49.33,51.18,79.35,221.53,48.38,7241.9,"Asia"
2019,"Bosnia And Herzegovina",35.72,6.32,49.18,3.23,3.12,100.31,43.79,53.2,63.47,92.76,26.43,2765.78,"Europe"
2019,"Russia",35.52,12.68,45.38,5.86,6.01,149.15,41.93,57.63,62.8,188.73,46,4331.5,"Europe"
2019,"Serbia",35.39,8.08,39.9,3.04,3.31,133.07,37.27,52.56,58.86,103.55,29.74,2834.61,"Europe"
2019,"Turkey",35.21,7.23,45.33,4.9,5.74,185.44,40.38,69.36,69.15,195.5,44.77,6075.73,"Asia"
2019,"Philippines",35.09,8.09,29.46,3.51,3.74,206.69,40.83,65.87,74.47,196.62,44.15,6591.69,"Asia"
2019,"Belarus",33.12,9.96,44.64,4.77,4.55,212.6,23.53,58.01,40.97,109.79,28.78,4002.28,"Europe"
2019,"Argentina",33.09,9.48,55,2.57,2.85,566.2,62.55,69.39,52.35,175.61,43.04,4535.53,"South America"
2019,"Mexico",32.71,10.06,49.98,5.67,5.82,126.57,52.3,69.72,66.02,175.22,39.08,7180.92,"North America"
2019,"Macedonia",31.58,6.47,39.83,4.03,4.02,120.31,39.29,58.98,80.85,96.09,27.94,2623.36,"Europe"
2019,"Sri Lanka",30.24,7.57,27.34,3.41,3.25,403.42,41.03,72.3,57.69,233.57,51.9,5903.18,"Asia"
2019,"Colombia",30.15,9.17,34.66,4.43,4.75,253.32,51.26,67.51,61.74,182.8,45.06,4153.8,"South America"
2019,"Kazakhstan",29.83,9.78,38.83,7.22,6.52,203.22,66.51,51.27,74.25,109.17,29.75,3609.22,"Asia"
2019,"Georgia",28.78,8.53,33.19,6.63,7.25,164.7,19.86,51.29,72.46,116.99,34.34,2407.37,"Asia"
2019,"Ukraine",27.94,9.53,32.72,6.45,7.6,291.44,48.88,50.95,66.63,140.7,37.36,3727.01,"Europe"
2019,"Egypt",26.46,5.01,23.67,6.06,6.45,200.82,50.71,44.22,86.48,236.87,49.17,8913.49,"Africa"
2019,"India",24.17,5.84,66.91,2.88,3.56,125.75,42.72,68.32,75.81,201.14,45.71,6119.38,"Asia"
2019,"Pakistan",20.4,4.5,38.61,4.11,4,184.06,46.73,60.58,75.89,163.23,38.63,5715.47,"Asia"
